StartDate,EndDate,Status,Progress,Duration (in seconds),Finished,RecordedDate,ResponseId,DistributionChannel,UserLanguage,Q_RecaptchaScore,QID408,Q1,Q2,Q3,Q4,Q5,Q6,Q7,Q8,Q9,Q10,Q11,Q12,Q13,Q14,Q15,Q16,Q17,Q18,Q19,Q20,Q21,Q22,Q23,Q24,Q25,Q26,Q27,Q28,Q29,Q30,Q31,Q32,Q33,Q34,Q35,Q36,Q37,Q38,Q39,Q40,Q41,Q42,Q43,Q44,Q45,Q46,Q47,Q48,Q49,Q50,Q51,Q52,Q53,Q54,Q55,Q56,Q57,Q58,Q59,Q60,Q61,Q62,Q63,Q64,Q65,Q66,Q67,Q68,Q69,Q70,Q71,Q72,Q73,Q74,Q75,Q76,Q77,Q78,Q79,Q80,Q81,Q82,Q83,Q84,Q85,Q86,Q87,Q88,Q89,Q90,Q91,Q92,Q93,Q94,Q95,Q96,Q97,Q98,Q99,Q100,Q1_First Click,Q1_Last Click,Q1_Page Submit,Q1_Click Count,Q2_First Click,Q2_Last Click,Q2_Page Submit,Q2_Click Count,Q3_First Click,Q3_Last Click,Q3_Page Submit,Q3_Click Count,Q4_First Click,Q4_Last Click,Q4_Page Submit,Q4_Click Count,Q5_First Click,Q5_Last Click,Q5_Page Submit,Q5_Click Count,Q6_First Click,Q6_Last Click,Q6_Page Submit,Q6_Click Count,Q7_First Click,Q7_Last Click,Q7_Page Submit,Q7_Click Count,Q8_First Click,Q8_Last Click,Q8_Page Submit,Q8_Click Count,Q9_First Click,Q9_Last Click,Q9_Page Submit,Q9_Click Count,Q10_First Click,Q10_Last Click,Q10_Page Submit,Q10_Click Count,Q11_First Click,Q11_Last Click,Q11_Page Submit,Q11_Click Count,Q12_First Click,Q12_Last Click,Q12_Page Submit,Q12_Click Count,Q13_First Click,Q13_Last Click,Q13_Page Submit,Q13_Click Count,Q14_First Click,Q14_Last Click,Q14_Page Submit,Q14_Click Count,Q15_First Click,Q15_Last Click,Q15_Page Submit,Q15_Click Count,Q1,Q2,Q3,Q4,Q5,Q6,Q7,Q8,Q9,Q10,Q11,Q12,Q13,Q14,Q15,Q16,Q17,Q18,Q19,Q20,Q21,Q22,Q23,Q24,Q25,Q26,Q27,Q28,Q29,Q30,Q31,Q32,Q33,Q34,Q35,Q36,Q37,Q38,Q39,Q40,Q41,Q42,Q43,Q44,Q45,Q46,Q47,Q48,Q49,Q50,Q51,Q52,Q53,Q54,Q55,Q56,Q57,Q58,Q59,Q60,Q61,Q62,Q63,Q64,Q65,Q66,Q67,Q68,Q69,Q70,Q71,Q72,Q73,Q74,Q75,Q76,Q77,Q78,Q79,Q80,Q81,Q82,Q83,Q84,Q85,Q86,Q87,Q88,Q89,Q90,Q91,Q92,Q93,Q94,Q95,Q96,Q97,Q98,Q99,Q100,Q1_First Click,Q1_Last Click,Q1_Page Submit,Q1_Click Count,Q2_First Click,Q2_Last Click,Q2_Page Submit,Q2_Click Count,Q3_First Click,Q3_Last Click,Q3_Page Submit,Q3_Click Count,Q4_First Click,Q4_Last Click,Q4_Page Submit,Q4_Click Count,Q5_First Click,Q5_Last Click,Q5_Page Submit,Q5_Click Count,Q6_First Click,Q6_Last Click,Q6_Page Submit,Q6_Click Count,Q7_First Click,Q7_Last Click,Q7_Page Submit,Q7_Click Count,Q8_First Click,Q8_Last Click,Q8_Page Submit,Q8_Click Count,Q9_First Click,Q9_Last Click,Q9_Page Submit,Q9_Click Count,Q10_First Click,Q10_Last Click,Q10_Page Submit,Q10_Click Count,Q11_First Click,Q11_Last Click,Q11_Page Submit,Q11_Click Count,Q12_First Click,Q12_Last Click,Q12_Page Submit,Q12_Click Count,Q13_First Click,Q13_Last Click,Q13_Page Submit,Q13_Click Count,Q14_First Click,Q14_Last Click,Q14_Page Submit,Q14_Click Count,Q15_First Click,Q15_Last Click,Q15_Page Submit,Q15_Click Count,Q1,Q1,Q2,Q3,Q4,Q5,Q6,Q7,Q8,Q9,Q10,Q11,Q12,Q13,Q14,Q15,Q16,Q17,Q18,Q19,Q20,Q21,Q22,Q23,Q24,Q25,Q26,Q27,Q28,Q29,Q30,Q31,Q32,Q33,Q34,Q35,Q36,Q37,Q38,Q39,Q40,Q41,Q42,Q43,Q44,Q45,Q46,Q47,Q48,Q49,Q50,Q51,Q52,Q53,Q54,Q55,Q56,Q57,Q58,Q59,Q60,Q61,Q62,Q63,Q64,Q65,Q66,Q67,Q68,Q69,Q70,Q71,Q72,Q73,Q74,Q75,Q76,Q77,Q78,Q79,Q80,Q81,Q82,Q83,Q84,Q85,Q86,Q87,Q88,Q89,Q90,Q91,Q92,Q93,Q94,Q95,Q96,Q97,Q98,Q99,Q100,Q1_First Click,Q1_Last Click,Q1_Page Submit,Q1_Click Count,Q2_First Click,Q2_Last Click,Q2_Page Submit,Q2_Click Count,Q3_First Click,Q3_Last Click,Q3_Page Submit,Q3_Click Count,Q4_First Click,Q4_Last Click,Q4_Page Submit,Q4_Click Count,Q5_First Click,Q5_Last Click,Q5_Page Submit,Q5_Click Count,Q6_First Click,Q6_Last Click,Q6_Page Submit,Q6_Click Count,Q7_First Click,Q7_Last Click,Q7_Page Submit,Q7_Click Count,Q8_First Click,Q8_Last Click,Q8_Page Submit,Q8_Click Count,Q9_First Click,Q9_Last Click,Q9_Page Submit,Q9_Click Count,Q10_First Click,Q10_Last Click,Q10_Page Submit,Q10_Click Count,Q11_First Click,Q11_Last Click,Q11_Page Submit,Q11_Click Count,Q12_First Click,Q12_Last Click,Q12_Page Submit,Q12_Click Count,Q13_First Click,Q13_Last Click,Q13_Page Submit,Q13_Click Count,Q14_First Click,Q14_Last Click,Q14_Page Submit,Q14_Click Count,Q15_First Click,Q15_Last Click,Q15_Page Submit,Q15_Click Count,Q1,Q1,Q2,Q3,Q4,Condition
Start Date,End Date,Response Type,Progress,Duration (in seconds),Finished,Recorded Date,Response ID,Distribution Channel,User Language,Q_RecaptchaScore,Do you consent to participating in our study?,7 + 5 =,-4 + 9 =,-6 + (-3) =,8 + (-2) =,3 + 14 =,-5 + 12 =,-7 + (-8) =,6 + 4 =,2 + (-9) =,-3 + (-11) =,9 + 15 =,-8 + 5 =,-2 + (-6) =,4 + (-10) =,5 + 6 =,-9 + 3 =,-4 + (-5) =,7 + (-13) =,1 + 18 =,-6 + 14 =,-3 + (-7 ) =,8 + (-5) =,6 + 17 =,-7 + 9 =,-8 + 4 =,7 - 4 =,9 - 6 =,8 - 13 =,5 - 12 =,14 - 6 =,3 - 15 =,6 - 9 =,4 - 18 =,7 - (-5) =,9 - (-3) =,5 - (-8) =,6 - (-14) =,4 - (-9) =,8 - (-11) =,2 - (-7) =,3 - (16) =,-6 - 4 =,-8 - 3 =,-7 - 12 =,-9 - 5 =,-4 - 15 =,-5 - 6 =,-3 - (-8) =,-7 - (-2) =,-6 - (-13) =,6 x 4 =,7 x 12 =,15 x 3 =,8 x 9 =,14 x 5 =,3 x 16 =,11 x 4 =,9 x 7 =,-6 x 5 =,8 x (-7) =,-4 x 13 =,15 x (-2) =,-9 x 3 =,7 x (-11) =,-8 x 6 =,4 x (-12) =,-5 x (-7) =,-3 x (-14) =,-9 x (-4) =,-6 x (-15) =,-2 x ( -13) =,-8 x (-9) =,-4 x (-11) =,-7 x (-3) =,-5 x (-16) =,24 ÷ 6 =,63 ÷ 9 =,8 ÷ 4 =,45 ÷ 5 =,7 ÷ 7 =,72 ÷ 8 =,6 ÷ 3 =,54 ÷ 6 =,-35 ÷ 5 =,48 ÷ (-6) =,-27 ÷ 9 =,64 ÷ (-8) =,-42 ÷ 7 =,56 ÷ (-7) =,-81 ÷ 9 =,30 ÷ (-6) =,-40 ÷ (-5) =,-63 ÷ (-9) =,-24 ÷ (-6) =,-72 ÷ (-8) =,-18 ÷ (-3) =,-49 ÷ (-7) =,-56 ÷ (-8) =,-45 ÷ (-9) =,-32 ÷ (-4) =,Timing - First Click,Timing - Last Click,Timing - Page Submit,Timing - Click Count,Timing - First Click,Timing - Last Click,Timing - Page Submit,Timing - Click Count,Timing - First Click,Timing - Last Click,Timing - Page Submit,Timing - Click Count,Timing - First Click,Timing - Last Click,Timing - Page Submit,Timing - Click Count,Timing - First Click,Timing - Last Click,Timing - Page Submit,Timing - Click Count,Timing - First Click,Timing - Last Click,Timing - Page Submit,Timing - Click Count,Timing - First Click,Timing - Last Click,Timing - Page Submit,Timing - Click Count,Timing - First Click,Timing - Last Click,Timing - Page Submit,Timing - Click Count,Timing - First Click,Timing - Last Click,Timing - Page Submit,Timing - Click Count,Timing - First Click,Timing - Last Click,Timing - Page Submit,Timing - Click Count,Timing - First Click,Timing - Last Click,Timing - Page Submit,Timing - Click Count,Timing - First Click,Timing - Last Click,Timing - Page Submit,Timing - Click Count,Timing - First Click,Timing - Last Click,Timing - Page Submit,Timing - Click Count,Timing - First Click,Timing - Last Click,Timing - Page Submit,Timing - Click Count,Timing - First Click,Timing - Last Click,Timing - Page Submit,Timing - Click Count,47 + 58 =,86 + 39 =,74 + 126 =,315 + 48 =,92 + 108 =,67 + 245 =,154 + 89 =,73 + 317 =,84 + (-39) =,-57 + 82 =,128 + (-64) =,-96 + 145 =,238 + (-57) =,-143 + 89 =,76 + (-132) =,-215 + 68 =,-48 + (-67) =,-93 + (-58) =,124 + (-76) =,-305 + (-49) =,-87 + (-136) =,-62 + (-148) =,-174 + (-88) =,-59 + (-217) =,-132 + (-95) =,84 - 27 =,95 - 48 =,73 - 156 =,142 - 68 =,61 - 245 =,128 - 39 =,47 - 132 =,176 - 84 =,84 - (-37) =,-56 - 43 =,73 - (-28) =,-64 - 125 =,92 - (-146) =,-87 - 54 =,135 - (-49) =,-72 - 38 =,48 - (-67) =,93 - (-58) =,-124 - (-76) =,205 - (-89) =,-68 - (-143) =,-59 - (-217) =,132 - (-95) =,-76 - (-148) =,184 - (-63) =,24 x 36 =,47 x 58 =,63 x 42 =,315 x 24 =,89 x 27 =,128 x 34 =,56 x 73 =,92 x 18 =,-24 x 35 =,47 x -62 =,-53 x 28 =,135 x -24 =,-76 x 19 =,84 x -37 =,-62 x 45 =,218 x (-34) =,-48 x (-57) =,-93 x (-26) =,-124 x (-35) =,-67 x (-82) =,-58 x (-19) =,-76 x (-143) =,-215 x (-34) =,-89 x (-27) =,-132 x (-48) =,84 ÷ 12 =,96 ÷ 24 =,144 ÷ 12 =,216 ÷ 18 =,168 ÷ 21 =,225 ÷ 15 =,132 ÷ 11 =,180 ÷ 30 =,-144 ÷ 12 =,196 ÷ (-14) =,-225 ÷ 15 =,256 ÷ (-16) =,-189 ÷ 21 =,324 ÷ (-18) =,-272 ÷ 34 =,315 ÷ (-21) =,-168 ÷ (-12) =,-196 ÷ (-14) =,-225 ÷ (-15) =,-288 ÷ (-24) =,-312 ÷ (-26) =,-144 ÷ (-16) =,-198 ÷ (-18) =,-360 ÷ (-30) =,-252 ÷ (-21) =,Timing - First Click,Timing - Last Click,Timing - Page Submit,Timing - Click Count,Timing - First Click,Timing - Last Click,Timing - Page Submit,Timing - Click Count,Timing - First Click,Timing - Last Click,Timing - Page Submit,Timing - Click Count,Timing - First Click,Timing - Last Click,Timing - Page Submit,Timing - Click Count,Timing - First Click,Timing - Last Click,Timing - Page Submit,Timing - Click Count,Timing - First Click,Timing - Last Click,Timing - Page Submit,Timing - Click Count,Timing - First Click,Timing - Last Click,Timing - Page Submit,Timing - Click Count,Timing - First Click,Timing - Last Click,Timing - Page Submit,Timing - Click Count,Timing - First Click,Timing - Last Click,Timing - Page Submit,Timing - Click Count,Timing - First Click,Timing - Last Click,Timing - Page Submit,Timing - Click Count,Timing - First Click,Timing - Last Click,Timing - Page Submit,Timing - Click Count,Timing - First Click,Timing - Last Click,Timing - Page Submit,Timing - Click Count,Timing - First Click,Timing - Last Click,Timing - Page Submit,Timing - Click Count,Timing - First Click,Timing - Last Click,Timing - Page Submit,Timing - Click Count,Timing - First Click,Timing - Last Click,Timing - Page Submit,Timing - Click Count,Choose 71,345 + 678 =,812 + 459 =,"1,245 + 368 =","739 + 2,486 =","4,128 + 573 =","956 + 3,147 =","2,384 + 619 =","487 + 1,936 =",864 + (-329) =,-742 + 518 =,1263 + (-487) =,-935 + 642,2148 + (-739) =,-1284 + 956 =,3175 + (-842) =,-468 + 1259 =,-345 + (-678) =,-812 + (-459) =,-1245 + (-368) =,-739 + (-2486) =,-4128 + (-573) =,-956 + (-3147) =,-2384 + (-619)=,-487 + (-1936) =,-1759 + 842 =,864 - 329 =,742 - 518 =,1263 - 487 =,2148 - 739 =,3175 - 842 =,956 - 3147 =,487 - 1936 =,4128 - 573 =,864 - (-329) =,-742 -518 =,1263 - (-487) =,-935 - 642 =,"2,148 - (-739) =",-1284 - 956 =,3175 - (-842) =,-468 - 1259 =,-345 - (-678) =,-812 - (-459) =,-1245 - (-368) =,-739 - (-2486) =,-4128 - (-573) =,-956 - -3147 =,-2384 - (-619) =,-487 - (-1936) =,-1759 - 842 =,324 x 215 =,468 x 732 =,915 x 408 =,1284 x 356 =,739 x 1245 =,864 x 507 =,592 x 318 =,407 x 629 =,-324 x 215 =,468 x (-732) =,-915 x 408 =,1284 x (-356) =,-739 x 1245 =,864 x (-507) =,-592 x 318 =,407 x (-629) =,-324 x (-215) =,-468 x (-732) =,-915 x (-408) =,-1284 x (-356) =,-739 x (-1245) =,-864 x (-507) =,-592 x (-318) =,-407 x (-629) =,-753 x (-412) =,936 ÷ 312 =,1248 ÷ 416 =,864 ÷ 432 =,1575 ÷ 315 =,2304 ÷ 384 =,1872 ÷ 234 =,990 ÷ 330 =,2145 ÷ 429 =,-1560 ÷ 312 =,2268 ÷ (-378) =,-2025 ÷ 405 =,1944 ÷ (-324) =,-2688 ÷ 336 =,2772 ÷ (-462) =,-1728 ÷ 288 =,2430 ÷ (-405) =,-1764 ÷ (-294) =,-2352 ÷ (-336) =,-1944 ÷ (-243) =,-2160 ÷ (-360) =,-2730 ÷ (-390) =,-2520 ÷ (-315) =,-1680 ÷ (-240) =,-2940 ÷ (-420) =,-2106 ÷ (-351) =,Timing - First Click,Timing - Last Click,Timing - Page Submit,Timing - Click Count,Timing - First Click,Timing - Last Click,Timing - Page Submit,Timing - Click Count,Timing - First Click,Timing - Last Click,Timing - Page Submit,Timing - Click Count,Timing - First Click,Timing - Last Click,Timing - Page Submit,Timing - Click Count,Timing - First Click,Timing - Last Click,Timing - Page Submit,Timing - Click Count,Timing - First Click,Timing - Last Click,Timing - Page Submit,Timing - Click Count,Timing - First Click,Timing - Last Click,Timing - Page Submit,Timing - Click Count,Timing - First Click,Timing - Last Click,Timing - Page Submit,Timing - Click Count,Timing - First Click,Timing - Last Click,Timing - Page Submit,Timing - Click Count,Timing - First Click,Timing - Last Click,Timing - Page Submit,Timing - Click Count,Timing - First Click,Timing - Last Click,Timing - Page Submit,Timing - Click Count,Timing - First Click,Timing - Last Click,Timing - Page Submit,Timing - Click Count,Timing - First Click,Timing - Last Click,Timing - Page Submit,Timing - Click Count,Timing - First Click,Timing - Last Click,Timing - Page Submit,Timing - Click Count,Timing - First Click,Timing - Last Click,Timing - Page Submit,Timing - Click Count,Choose 768,What gender do you most identify with?,How old are you? (Respond only with numbers),What is your race/ethnicity?,"How likely, if at all, would you be to take the test again?",Condition
"{""ImportId"":""startDate"",""timeZone"":""America/Denver""}","{""ImportId"":""endDate"",""timeZone"":""America/Denver""}","{""ImportId"":""status""}","{""ImportId"":""progress""}","{""ImportId"":""duration""}","{""ImportId"":""finished""}","{""ImportId"":""recordedDate"",""timeZone"":""America/Denver""}","{""ImportId"":""_recordId""}","{""ImportId"":""distributionChannel""}","{""ImportId"":""userLanguage""}","{""ImportId"":""Q_RecaptchaScore""}","{""ImportId"":""QID408""}","{""ImportId"":""QID102""}","{""ImportId"":""QID103""}","{""ImportId"":""QID104""}","{""ImportId"":""QID106""}","{""ImportId"":""QID107""}","{""ImportId"":""QID108""}","{""ImportId"":""QID109""}","{""ImportId"":""QID110""}","{""ImportId"":""QID111""}","{""ImportId"":""QID112""}","{""ImportId"":""QID116""}","{""ImportId"":""QID117""}","{""ImportId"":""QID115""}","{""ImportId"":""QID114""}","{""ImportId"":""QID113""}","{""ImportId"":""QID125""}","{""ImportId"":""QID126""}","{""ImportId"":""QID127""}","{""ImportId"":""QID123""}","{""ImportId"":""QID124""}","{""ImportId"":""QID121""}","{""ImportId"":""QID122""}","{""ImportId"":""QID119""}","{""ImportId"":""QID120""}","{""ImportId"":""QID118""}","{""ImportId"":""QID154""}","{""ImportId"":""QID155""}","{""ImportId"":""QID156""}","{""ImportId"":""QID157""}","{""ImportId"":""QID158""}","{""ImportId"":""QID159""}","{""ImportId"":""QID160""}","{""ImportId"":""QID148""}","{""ImportId"":""QID149""}","{""ImportId"":""QID150""}","{""ImportId"":""QID151""}","{""ImportId"":""QID152""}","{""ImportId"":""QID153""}","{""ImportId"":""QID142""}","{""ImportId"":""QID143""}","{""ImportId"":""QID144""}","{""ImportId"":""QID145""}","{""ImportId"":""QID146""}","{""ImportId"":""QID147""}","{""ImportId"":""QID137""}","{""ImportId"":""QID138""}","{""ImportId"":""QID139""}","{""ImportId"":""QID140""}","{""ImportId"":""QID141""}","{""ImportId"":""QID134""}","{""ImportId"":""QID135""}","{""ImportId"":""QID136""}","{""ImportId"":""QID132""}","{""ImportId"":""QID133""}","{""ImportId"":""QID131""}","{""ImportId"":""QID129""}","{""ImportId"":""QID130""}","{""ImportId"":""QID128""}","{""ImportId"":""QID376""}","{""ImportId"":""QID375""}","{""ImportId"":""QID374""}","{""ImportId"":""QID373""}","{""ImportId"":""QID372""}","{""ImportId"":""QID371""}","{""ImportId"":""QID370""}","{""ImportId"":""QID369""}","{""ImportId"":""QID368""}","{""ImportId"":""QID367""}","{""ImportId"":""QID366""}","{""ImportId"":""QID365""}","{""ImportId"":""QID386""}","{""ImportId"":""QID385""}","{""ImportId"":""QID384""}","{""ImportId"":""QID383""}","{""ImportId"":""QID382""}","{""ImportId"":""QID381""}","{""ImportId"":""QID380""}","{""ImportId"":""QID379""}","{""ImportId"":""QID378""}","{""ImportId"":""QID377""}","{""ImportId"":""QID396""}","{""ImportId"":""QID395""}","{""ImportId"":""QID394""}","{""ImportId"":""QID393""}","{""ImportId"":""QID392""}","{""ImportId"":""QID391""}","{""ImportId"":""QID390""}","{""ImportId"":""QID389""}","{""ImportId"":""QID388""}","{""ImportId"":""QID387""}","{""ImportId"":""QID405""}","{""ImportId"":""QID404""}","{""ImportId"":""QID403""}","{""ImportId"":""QID402""}","{""ImportId"":""QID401""}","{""ImportId"":""QID400""}","{""ImportId"":""QID399""}","{""ImportId"":""QID398""}","{""ImportId"":""QID397""}","{""ImportId"":""QID406""}","{""ImportId"":""QID414_FIRST_CLICK""}","{""ImportId"":""QID414_LAST_CLICK""}","{""ImportId"":""QID414_PAGE_SUBMIT""}","{""ImportId"":""QID414_CLICK_COUNT""}","{""ImportId"":""QID415_FIRST_CLICK""}","{""ImportId"":""QID415_LAST_CLICK""}","{""ImportId"":""QID415_PAGE_SUBMIT""}","{""ImportId"":""QID415_CLICK_COUNT""}","{""ImportId"":""QID416_FIRST_CLICK""}","{""ImportId"":""QID416_LAST_CLICK""}","{""ImportId"":""QID416_PAGE_SUBMIT""}","{""ImportId"":""QID416_CLICK_COUNT""}","{""ImportId"":""QID417_FIRST_CLICK""}","{""ImportId"":""QID417_LAST_CLICK""}","{""ImportId"":""QID417_PAGE_SUBMIT""}","{""ImportId"":""QID417_CLICK_COUNT""}","{""ImportId"":""QID418_FIRST_CLICK""}","{""ImportId"":""QID418_LAST_CLICK""}","{""ImportId"":""QID418_PAGE_SUBMIT""}","{""ImportId"":""QID418_CLICK_COUNT""}","{""ImportId"":""QID419_FIRST_CLICK""}","{""ImportId"":""QID419_LAST_CLICK""}","{""ImportId"":""QID419_PAGE_SUBMIT""}","{""ImportId"":""QID419_CLICK_COUNT""}","{""ImportId"":""QID420_FIRST_CLICK""}","{""ImportId"":""QID420_LAST_CLICK""}","{""ImportId"":""QID420_PAGE_SUBMIT""}","{""ImportId"":""QID420_CLICK_COUNT""}","{""ImportId"":""QID421_FIRST_CLICK""}","{""ImportId"":""QID421_LAST_CLICK""}","{""ImportId"":""QID421_PAGE_SUBMIT""}","{""ImportId"":""QID421_CLICK_COUNT""}","{""ImportId"":""QID422_FIRST_CLICK""}","{""ImportId"":""QID422_LAST_CLICK""}","{""ImportId"":""QID422_PAGE_SUBMIT""}","{""ImportId"":""QID422_CLICK_COUNT""}","{""ImportId"":""QID423_FIRST_CLICK""}","{""ImportId"":""QID423_LAST_CLICK""}","{""ImportId"":""QID423_PAGE_SUBMIT""}","{""ImportId"":""QID423_CLICK_COUNT""}","{""ImportId"":""QID424_FIRST_CLICK""}","{""ImportId"":""QID424_LAST_CLICK""}","{""ImportId"":""QID424_PAGE_SUBMIT""}","{""ImportId"":""QID424_CLICK_COUNT""}","{""ImportId"":""QID425_FIRST_CLICK""}","{""ImportId"":""QID425_LAST_CLICK""}","{""ImportId"":""QID425_PAGE_SUBMIT""}","{""ImportId"":""QID425_CLICK_COUNT""}","{""ImportId"":""QID426_FIRST_CLICK""}","{""ImportId"":""QID426_LAST_CLICK""}","{""ImportId"":""QID426_PAGE_SUBMIT""}","{""ImportId"":""QID426_CLICK_COUNT""}","{""ImportId"":""QID427_FIRST_CLICK""}","{""ImportId"":""QID427_LAST_CLICK""}","{""ImportId"":""QID427_PAGE_SUBMIT""}","{""ImportId"":""QID427_CLICK_COUNT""}","{""ImportId"":""QID428_FIRST_CLICK""}","{""ImportId"":""QID428_LAST_CLICK""}","{""ImportId"":""QID428_PAGE_SUBMIT""}","{""ImportId"":""QID428_CLICK_COUNT""}","{""ImportId"":""QID161""}","{""ImportId"":""QID162""}","{""ImportId"":""QID163""}","{""ImportId"":""QID164""}","{""ImportId"":""QID165""}","{""ImportId"":""QID166""}","{""ImportId"":""QID167""}","{""ImportId"":""QID168""}","{""ImportId"":""QID169""}","{""ImportId"":""QID170""}","{""ImportId"":""QID171""}","{""ImportId"":""QID172""}","{""ImportId"":""QID173""}","{""ImportId"":""QID174""}","{""ImportId"":""QID175""}","{""ImportId"":""QID176""}","{""ImportId"":""QID177""}","{""ImportId"":""QID178""}","{""ImportId"":""QID179""}","{""ImportId"":""QID180""}","{""ImportId"":""QID181""}","{""ImportId"":""QID182""}","{""ImportId"":""QID183""}","{""ImportId"":""QID184""}","{""ImportId"":""QID185""}","{""ImportId"":""QID186""}","{""ImportId"":""QID187""}","{""ImportId"":""QID188""}","{""ImportId"":""QID189""}","{""ImportId"":""QID190""}","{""ImportId"":""QID191""}","{""ImportId"":""QID192""}","{""ImportId"":""QID193""}","{""ImportId"":""QID194""}","{""ImportId"":""QID195""}","{""ImportId"":""QID196""}","{""ImportId"":""QID197""}","{""ImportId"":""QID198""}","{""ImportId"":""QID199""}","{""ImportId"":""QID200""}","{""ImportId"":""QID201""}","{""ImportId"":""QID202""}","{""ImportId"":""QID203""}","{""ImportId"":""QID204""}","{""ImportId"":""QID205""}","{""ImportId"":""QID206""}","{""ImportId"":""QID411""}","{""ImportId"":""QID207""}","{""ImportId"":""QID410""}","{""ImportId"":""QID208""}","{""ImportId"":""QID209""}","{""ImportId"":""QID210""}","{""ImportId"":""QID211""}","{""ImportId"":""QID212""}","{""ImportId"":""QID213""}","{""ImportId"":""QID214""}","{""ImportId"":""QID217""}","{""ImportId"":""QID218""}","{""ImportId"":""QID219""}","{""ImportId"":""QID220""}","{""ImportId"":""QID221""}","{""ImportId"":""QID222""}","{""ImportId"":""QID223""}","{""ImportId"":""QID224""}","{""ImportId"":""QID225""}","{""ImportId"":""QID226""}","{""ImportId"":""QID227""}","{""ImportId"":""QID228""}","{""ImportId"":""QID229""}","{""ImportId"":""QID231""}","{""ImportId"":""QID230""}","{""ImportId"":""QID232""}","{""ImportId"":""QID233""}","{""ImportId"":""QID234""}","{""ImportId"":""QID235""}","{""ImportId"":""QID236""}","{""ImportId"":""QID237""}","{""ImportId"":""QID238""}","{""ImportId"":""QID239""}","{""ImportId"":""QID240""}","{""ImportId"":""QID241""}","{""ImportId"":""QID242""}","{""ImportId"":""QID243""}","{""ImportId"":""QID244""}","{""ImportId"":""QID245""}","{""ImportId"":""QID246""}","{""ImportId"":""QID247""}","{""ImportId"":""QID248""}","{""ImportId"":""QID249""}","{""ImportId"":""QID250""}","{""ImportId"":""QID251""}","{""ImportId"":""QID252""}","{""ImportId"":""QID253""}","{""ImportId"":""QID254""}","{""ImportId"":""QID255""}","{""ImportId"":""QID256""}","{""ImportId"":""QID257""}","{""ImportId"":""QID258""}","{""ImportId"":""QID259""}","{""ImportId"":""QID260""}","{""ImportId"":""QID429_FIRST_CLICK""}","{""ImportId"":""QID429_LAST_CLICK""}","{""ImportId"":""QID429_PAGE_SUBMIT""}","{""ImportId"":""QID429_CLICK_COUNT""}","{""ImportId"":""QID443_FIRST_CLICK""}","{""ImportId"":""QID443_LAST_CLICK""}","{""ImportId"":""QID443_PAGE_SUBMIT""}","{""ImportId"":""QID443_CLICK_COUNT""}","{""ImportId"":""QID442_FIRST_CLICK""}","{""ImportId"":""QID442_LAST_CLICK""}","{""ImportId"":""QID442_PAGE_SUBMIT""}","{""ImportId"":""QID442_CLICK_COUNT""}","{""ImportId"":""QID441_FIRST_CLICK""}","{""ImportId"":""QID441_LAST_CLICK""}","{""ImportId"":""QID441_PAGE_SUBMIT""}","{""ImportId"":""QID441_CLICK_COUNT""}","{""ImportId"":""QID440_FIRST_CLICK""}","{""ImportId"":""QID440_LAST_CLICK""}","{""ImportId"":""QID440_PAGE_SUBMIT""}","{""ImportId"":""QID440_CLICK_COUNT""}","{""ImportId"":""QID439_FIRST_CLICK""}","{""ImportId"":""QID439_LAST_CLICK""}","{""ImportId"":""QID439_PAGE_SUBMIT""}","{""ImportId"":""QID439_CLICK_COUNT""}","{""ImportId"":""QID438_FIRST_CLICK""}","{""ImportId"":""QID438_LAST_CLICK""}","{""ImportId"":""QID438_PAGE_SUBMIT""}","{""ImportId"":""QID438_CLICK_COUNT""}","{""ImportId"":""QID437_FIRST_CLICK""}","{""ImportId"":""QID437_LAST_CLICK""}","{""ImportId"":""QID437_PAGE_SUBMIT""}","{""ImportId"":""QID437_CLICK_COUNT""}","{""ImportId"":""QID436_FIRST_CLICK""}","{""ImportId"":""QID436_LAST_CLICK""}","{""ImportId"":""QID436_PAGE_SUBMIT""}","{""ImportId"":""QID436_CLICK_COUNT""}","{""ImportId"":""QID435_FIRST_CLICK""}","{""ImportId"":""QID435_LAST_CLICK""}","{""ImportId"":""QID435_PAGE_SUBMIT""}","{""ImportId"":""QID435_CLICK_COUNT""}","{""ImportId"":""QID434_FIRST_CLICK""}","{""ImportId"":""QID434_LAST_CLICK""}","{""ImportId"":""QID434_PAGE_SUBMIT""}","{""ImportId"":""QID434_CLICK_COUNT""}","{""ImportId"":""QID433_FIRST_CLICK""}","{""ImportId"":""QID433_LAST_CLICK""}","{""ImportId"":""QID433_PAGE_SUBMIT""}","{""ImportId"":""QID433_CLICK_COUNT""}","{""ImportId"":""QID432_FIRST_CLICK""}","{""ImportId"":""QID432_LAST_CLICK""}","{""ImportId"":""QID432_PAGE_SUBMIT""}","{""ImportId"":""QID432_CLICK_COUNT""}","{""ImportId"":""QID430_FIRST_CLICK""}","{""ImportId"":""QID430_LAST_CLICK""}","{""ImportId"":""QID430_PAGE_SUBMIT""}","{""ImportId"":""QID430_CLICK_COUNT""}","{""ImportId"":""QID431_FIRST_CLICK""}","{""ImportId"":""QID431_LAST_CLICK""}","{""ImportId"":""QID431_PAGE_SUBMIT""}","{""ImportId"":""QID431_CLICK_COUNT""}","{""ImportId"":""QID468""}","{""ImportId"":""QID264""}","{""ImportId"":""QID363""}","{""ImportId"":""QID362""}","{""ImportId"":""QID361""}","{""ImportId"":""QID360""}","{""ImportId"":""QID359""}","{""ImportId"":""QID358""}","{""ImportId"":""QID357""}","{""ImportId"":""QID356""}","{""ImportId"":""QID364""}","{""ImportId"":""QID354""}","{""ImportId"":""QID353""}","{""ImportId"":""QID352""}","{""ImportId"":""QID351""}","{""ImportId"":""QID350""}","{""ImportId"":""QID349""}","{""ImportId"":""QID348""}","{""ImportId"":""QID347""}","{""ImportId"":""QID346""}","{""ImportId"":""QID343""}","{""ImportId"":""QID344""}","{""ImportId"":""QID341""}","{""ImportId"":""QID342""}","{""ImportId"":""QID340""}","{""ImportId"":""QID339""}","{""ImportId"":""QID338""}","{""ImportId"":""QID337""}","{""ImportId"":""QID336""}","{""ImportId"":""QID335""}","{""ImportId"":""QID334""}","{""ImportId"":""QID333""}","{""ImportId"":""QID332""}","{""ImportId"":""QID331""}","{""ImportId"":""QID330""}","{""ImportId"":""QID329""}","{""ImportId"":""QID328""}","{""ImportId"":""QID327""}","{""ImportId"":""QID326""}","{""ImportId"":""QID325""}","{""ImportId"":""QID324""}","{""ImportId"":""QID323""}","{""ImportId"":""QID322""}","{""ImportId"":""QID321""}","{""ImportId"":""QID319""}","{""ImportId"":""QID320""}","{""ImportId"":""QID318""}","{""ImportId"":""QID317""}","{""ImportId"":""QID316""}","{""ImportId"":""QID315""}","{""ImportId"":""QID314""}","{""ImportId"":""QID313""}","{""ImportId"":""QID312""}","{""ImportId"":""QID311""}","{""ImportId"":""QID310""}","{""ImportId"":""QID309""}","{""ImportId"":""QID308""}","{""ImportId"":""QID307""}","{""ImportId"":""QID306""}","{""ImportId"":""QID305""}","{""ImportId"":""QID303""}","{""ImportId"":""QID304""}","{""ImportId"":""QID302""}","{""ImportId"":""QID301""}","{""ImportId"":""QID300""}","{""ImportId"":""QID299""}","{""ImportId"":""QID298""}","{""ImportId"":""QID297""}","{""ImportId"":""QID296""}","{""ImportId"":""QID295""}","{""ImportId"":""QID294""}","{""ImportId"":""QID293""}","{""ImportId"":""QID292""}","{""ImportId"":""QID291""}","{""ImportId"":""QID290""}","{""ImportId"":""QID289""}","{""ImportId"":""QID288""}","{""ImportId"":""QID287""}","{""ImportId"":""QID286""}","{""ImportId"":""QID285""}","{""ImportId"":""QID284""}","{""ImportId"":""QID283""}","{""ImportId"":""QID282""}","{""ImportId"":""QID281""}","{""ImportId"":""QID280""}","{""ImportId"":""QID279""}","{""ImportId"":""QID278""}","{""ImportId"":""QID277""}","{""ImportId"":""QID276""}","{""ImportId"":""QID275""}","{""ImportId"":""QID274""}","{""ImportId"":""QID273""}","{""ImportId"":""QID272""}","{""ImportId"":""QID271""}","{""ImportId"":""QID270""}","{""ImportId"":""QID269""}","{""ImportId"":""QID268""}","{""ImportId"":""QID267""}","{""ImportId"":""QID266""}","{""ImportId"":""QID265""}","{""ImportId"":""QID345""}","{""ImportId"":""QID444_FIRST_CLICK""}","{""ImportId"":""QID444_LAST_CLICK""}","{""ImportId"":""QID444_PAGE_SUBMIT""}","{""ImportId"":""QID444_CLICK_COUNT""}","{""ImportId"":""QID458_FIRST_CLICK""}","{""ImportId"":""QID458_LAST_CLICK""}","{""ImportId"":""QID458_PAGE_SUBMIT""}","{""ImportId"":""QID458_CLICK_COUNT""}","{""ImportId"":""QID457_FIRST_CLICK""}","{""ImportId"":""QID457_LAST_CLICK""}","{""ImportId"":""QID457_PAGE_SUBMIT""}","{""ImportId"":""QID457_CLICK_COUNT""}","{""ImportId"":""QID456_FIRST_CLICK""}","{""ImportId"":""QID456_LAST_CLICK""}","{""ImportId"":""QID456_PAGE_SUBMIT""}","{""ImportId"":""QID456_CLICK_COUNT""}","{""ImportId"":""QID455_FIRST_CLICK""}","{""ImportId"":""QID455_LAST_CLICK""}","{""ImportId"":""QID455_PAGE_SUBMIT""}","{""ImportId"":""QID455_CLICK_COUNT""}","{""ImportId"":""QID454_FIRST_CLICK""}","{""ImportId"":""QID454_LAST_CLICK""}","{""ImportId"":""QID454_PAGE_SUBMIT""}","{""ImportId"":""QID454_CLICK_COUNT""}","{""ImportId"":""QID453_FIRST_CLICK""}","{""ImportId"":""QID453_LAST_CLICK""}","{""ImportId"":""QID453_PAGE_SUBMIT""}","{""ImportId"":""QID453_CLICK_COUNT""}","{""ImportId"":""QID452_FIRST_CLICK""}","{""ImportId"":""QID452_LAST_CLICK""}","{""ImportId"":""QID452_PAGE_SUBMIT""}","{""ImportId"":""QID452_CLICK_COUNT""}","{""ImportId"":""QID451_FIRST_CLICK""}","{""ImportId"":""QID451_LAST_CLICK""}","{""ImportId"":""QID451_PAGE_SUBMIT""}","{""ImportId"":""QID451_CLICK_COUNT""}","{""ImportId"":""QID450_FIRST_CLICK""}","{""ImportId"":""QID450_LAST_CLICK""}","{""ImportId"":""QID450_PAGE_SUBMIT""}","{""ImportId"":""QID450_CLICK_COUNT""}","{""ImportId"":""QID449_FIRST_CLICK""}","{""ImportId"":""QID449_LAST_CLICK""}","{""ImportId"":""QID449_PAGE_SUBMIT""}","{""ImportId"":""QID449_CLICK_COUNT""}","{""ImportId"":""QID448_FIRST_CLICK""}","{""ImportId"":""QID448_LAST_CLICK""}","{""ImportId"":""QID448_PAGE_SUBMIT""}","{""ImportId"":""QID448_CLICK_COUNT""}","{""ImportId"":""QID447_FIRST_CLICK""}","{""ImportId"":""QID447_LAST_CLICK""}","{""ImportId"":""QID447_PAGE_SUBMIT""}","{""ImportId"":""QID447_CLICK_COUNT""}","{""ImportId"":""QID446_FIRST_CLICK""}","{""ImportId"":""QID446_LAST_CLICK""}","{""ImportId"":""QID446_PAGE_SUBMIT""}","{""ImportId"":""QID446_CLICK_COUNT""}","{""ImportId"":""QID445_FIRST_CLICK""}","{""ImportId"":""QID445_LAST_CLICK""}","{""ImportId"":""QID445_PAGE_SUBMIT""}","{""ImportId"":""QID445_CLICK_COUNT""}","{""ImportId"":""QID469""}","{""ImportId"":""QID459""}","{""ImportId"":""QID460_TEXT""}","{""ImportId"":""QID462""}","{""ImportId"":""QID464""}","{""ImportId"":""Condition""}"
2026-02-16 11:39:58,2026-02-16 11:46:41,IP Address,100,403,TRUE,2026-02-16 11:46:42,R_1O7xH8jXri6zwUV,anonymous,EN,1,"Yes, I consent to participating",,,,,,,,,-7,,24,,,,,,,,19,,,,,,,,,,,,-12,,,,12,,,,,9,,10,,,,,,,,,,,,72,,48,,,,,,,,-77,,,,,,,,,,,,-6,,,,,-9,,,-5,,,,,,,,,,,9,,,,,,3.231,3.231,4.427,1,4.258,4.258,5.112,1,3.933,3.933,4.787,1,0,0,5.111,0,4.477,4.477,5.009,1,4.689,4.689,5.003,1,3.862,3.862,5.103,1,0.281,4.161,5.005,2,2.546,2.546,3.338,1,2.917,2.917,3.789,1,3.229,4.03,4.483,2,3.342,3.342,5.003,1,3.083,3.083,4.858,1,2.725,2.725,3.601,1,4.314,4.314,5.008,1,,,,353,,,,390,,,,,,,56,,,,,,,,,,,,,,,-184,,,,,,,,,,184,,,,48,,,,,,,,,,7860,2393,,,,,,,,,,,,2836,,,,,,,,,,,,,6,,,,,,,,,,,,,,,,,,,,,0,0,5.014,0,4.135,4.135,5.005,1,4.65,4.65,5.015,1,0.066,4.073,5.011,2,0,0,5.013,0,3.613,3.613,4.995,1,0.133,2.04,5.014,2,0,0,5.003,0,3.915,3.915,5.005,1,4.077,4.077,5.103,1,3.613,3.613,4.995,1,0,0,5.105,0,3.2,3.2,5.009,1,0,0,5.015,0,0.258,2.878,5.114,2,,,,"1,613",,,,,,,,,-283,,,,,,-1271,,,,,,,,,,,,,,,,,,,,,,,,,,,,-3565,,,,,,,,,,,,,,"-342,576","-373,320",,,,,,,,,,,,"189,256",,"310,236",,,,,,,,,,,,,-8,,,,,,,,,,,,,0,0,5.009,0,4.662,4.662,5.104,1,0,0,0.255,0,4.854,4.854,5.012,1,0,0,5.105,0,3.336,3.336,4.594,1,0,0,5.006,0,0,0,5.003,0,4.138,4.138,5.106,1,3.577,3.577,4.755,1,3.403,3.403,4.552,1,4.282,4.282,5.108,1,0,0,0.201,0,4.368,4.368,5.015,1,1.071,1.071,3.249,1,,Male,30,White,Somewhat unlikely,Condition 3
2026-02-20 01:16:25,2026-02-20 01:21:02,IP Address,100,276,TRUE,2026-02-20 01:21:03,R_3Eih4Icx7pc9wJt,anonymous,EN,1,"Yes, I consent to participating",,,,,17,,,,,-14,,,,,,,,,19,,,,,,,,,-5,,,,,,,,,,,,,,-10,,-19,,,-11,,-5,,,,,,,,44,63,,,,,,,,-48,,,36,,26,,,,,,,,,,,,,,,,,,,,,,,,,,,,,,3.882,3.882,5.002,1,2.462,2.462,5.103,1,0,0,0.025,0,4.156,4.156,4.784,1,1.384,1.384,2.184,1,2.114,2.114,3,1,1.779,1.779,2.668,1,2.092,2.092,2.701,1,2.394,4.76,5.002,2,0,0,0.333,0,2.122,2.122,2.84,1,3.339,3.339,4.128,1,1.418,1.418,2.184,1,2.176,2.176,3.029,1,2.453,2.453,3.206,1,,,,,,,,,,,,,,,,,,,,,,,,,,,,,,,,,,,,111,-179,,,,,,,,,,,,,,884,,,,,,,,,,,,,-3018,,,,,,,,,,"2,403",,6,,12,,8,,,,,,,,,-16,,,,,,,,,,,,1.55,1.55,2.108,1,3.639,3.639,5.105,1,0,0,5.102,0,2.421,2.421,5.003,1,0,0,5.003,0,3.543,3.543,5.103,1,0,0,5.002,0,4.682,4.682,5.002,1,0,0,5.003,0,3.292,3.292,5.103,1,0,0,5.006,0,4.88,4.88,5.102,1,0,0,5.002,0,4.778,4.778,5.001,1,0.007,0.007,5.005,1,71,,,,,,,,2423,,,,,,,,,,,,,,,,,,,,,1409,,,,,1203,,,-1587,,,,,,,,,,,,,,,,,,,,,,"-69,660","-342,576",,,,,,,,,,,,,,,"310,236",,,,,,,,,,,,,,,,,,,,,,,,,,0,0,5.008,0,0,0,5.004,0,4.497,4.497,5.001,1,0,0,5.104,0,0,0,5.002,0,0.306,4.885,5.004,3,4.206,4.206,5.002,1,4.372,4.372,5.102,1,4.689,4.689,5.105,1,0,0,5.002,0,0,0,5.002,0,4.805,4.805,5.102,1,0,0,5.002,0,4.018,4.018,5.002,1,0,0,5.103,0,768,Male,21,Asian,Extremely unlikely,Condition 1
2026-02-20 01:51:40,2026-02-20 01:56:05,IP Address,100,265,TRUE,2026-02-20 01:56:06,R_3nJaUHUC0FzcbNv,anonymous,EN,1,"Yes, I consent to participating",,,,,,,,10,,,,,,,,,-9,,,,,,,,,,,,,,,,,,,,,,,,,,,,-14,-19,,5,,,24,,45,,,,,,,,,,,,,,,42,,,,,,,,,,,,,,,,,,,,,,,,,,4,,,,,,,1.791,1.791,2.47,1,0,0,5.013,0,0,0,5.012,0,3.974,3.974,4.824,1,3.241,3.241,3.725,1,0,0,5.013,0,1.963,1.963,2.841,1,2.781,2.781,3.226,1,0,0,2.296,0,0.167,0.167,5.118,1,0,0,5.013,0,0,0,5.014,0,2.585,2.585,3.868,1,1.591,1.591,2.456,1,3.607,3.607,4.038,1,,,,,,332,,,,,,,181,,,,,,,,,,,,,47,,,,,,-95,,,,,,,,,,,,,,,,,,,,,,,,,,,,-2914,,,,,,,,,,,,,,,,,,,,,,,,-12,,,14,,,,,,16,,,,,,,,0,0,5.012,0,4.287,4.287,4.82,1,0.186,4.855,5.009,2,0,0,5.015,0,0,0,5.011,0,4.24,4.24,4.873,1,3.64,3.64,4.292,1,0,0,5.012,0,0,0,5.113,0,4.344,4.344,4.739,1,4.805,4.805,5.11,1,0.111,4.048,4.578,2,0,0,5.015,0,4.291,4.605,5.011,2,0,0,5.012,0,71,,,,,"4,701",,,,,224,,,,,,,,,,,,,,,,,,,,,,,,,,,,,,,,,,,,,,,,,,,,,,,,,,,,,,,,,,,,"457,104","920,055",,,,,3,,,,,,,,,,,,,,,,,,,6,,,,,,0,0,5.112,0,0,0,0.228,0,4.575,4.575,5.111,1,3.497,3.497,4.154,1,0.28,0.28,3.927,1,0,0,3.279,0,4.616,4.616,5.011,1,4.315,4.315,5.024,1,0,0,5.013,0,0,0,5.011,0,0,0,5.012,0,0,0,5.012,0,2.871,2.871,4.438,1,0,0,5.112,0,0,0,5.113,0,768,Female,21,White,Somewhat unlikely,Condition 2
2026-02-20 02:44:37,2026-02-20 02:49:36,IP Address,100,298,TRUE,2026-02-20 02:49:37,R_7aCVgfavH5t8zM1,anonymous,EN,1,"Yes, I consent to participating",12,5,,,,,,,,,,,,,,,,,,8,,,,,,3,,,,8,,,,,,,,13,,,,,,,,,,,,,,,,72,70,,,,-30,,,,,,,,,,,,,,,,,,,,,,,2,,-7,-8,,,,,-9,,,,,9,,7,,,,1.562,1.562,2.626,1,2.334,2.334,3.224,1,1.771,1.771,2.549,1,2.382,2.382,3.087,1,1.84,1.84,2.64,1,4.799,4.799,5.007,1,2.902,2.902,5.007,1,4.442,4.442,5.103,1,3.209,3.209,5.008,1,1.628,1.628,5.004,1,3.312,3.312,5.008,1,1.562,1.562,5.108,1,1.787,1.787,5.006,1,2.762,2.762,5.007,1,2.56,2.56,5.008,1,,,,,,,,,,,,59,,,,,-115,-161,,-364,,,,,,,,83,,,,,,,,,,,,,,,,,,85,158,,72,,,,2686,,,,,,,,,,-1424,,,,,2418,,,,,"-7,310",,,,6,,12,,,,,,,,,,,,,14,,,,,,,,,4.304,4.304,5.107,1,3.631,3.631,5.008,1,3.697,3.697,5.007,1,2.847,2.847,5.008,1,3.852,3.852,5.006,1,2.521,2.521,5.007,1,4.59,4.59,5.008,1,2.897,2.897,5.006,1,3.847,3.847,5.107,1,3.803,3.803,5.003,1,3.324,3.324,5.008,1,4.601,4.601,5.106,1,4.798,4.798,5.002,1,4.107,4.107,5.007,1,4.396,4.396,5.002,1,71,,,,,,,,,,,,-293,1409,,,801,-1033,,,,,,,-2423,917,,,,,,,,,,,,,,-2250,,,333,,,,,,,,,,"341,576",,,,,,,,,,"-457,104","-919,055",,,,,"341,576",,,,,,,,,,,,,9,,,,,,,,,,-6,-6,,,,,,,,,0.253,0.253,5.007,1,3.048,3.048,5.006,1,2.045,4.632,5.107,2,3.072,3.072,5.006,1,1.771,1.771,5.006,1,1.619,1.619,5.007,1,1.835,1.835,5.007,1,1.733,1.733,5.007,1,3.165,3.165,5.008,1,3.215,3.215,5.107,1,2.647,2.647,5.008,1,0.089,0.089,5.007,1,4.446,4.446,5.006,1,2.786,2.786,5.007,1,2.782,2.782,5.007,1,768,Female,20,Asian,Extremely unlikely,Condition 3
2026-02-20 15:18:25,2026-02-20 15:23:47,IP Address,100,322,TRUE,2026-02-20 15:23:48,R_12gmvFHq2Wb2c25,anonymous,EN,1,"Yes, I consent to participating",12,,,,,,,,,,,,,,11,,,,,,,,,,,,3,,,,,,,,,,20,,,,,,,,,,,,-5,,,72,,,,,,,,,,,-27,-77,,,35,,,,,,,,,4,,2,,,,,,,,,,,-8,,,,,,,,,,,,2.458,2.458,4.196,1,4.867,4.867,5.009,1,0,0,0.485,0,0,0,5.105,0,1.036,3.139,5.013,2,3.366,3.366,5.016,1,2.53,2.53,5.013,1,3.647,3.647,5.012,1,0,0,5.01,0,3.431,3.431,5.023,1,3.168,3.803,5.113,3,3.853,3.853,5.113,1,2.91,3.993,5.012,2,4.349,4.349,5.013,1,3.253,3.253,5.014,1,,,,,190,,,,,,74,,,-54,-56,,,,,,-223,,,,,,,-83,,,,,,,,,,,-141,,-120,,,,,,,,,,,,,,,,,1666,,,,,,,,,,,,,-1102,,,,,,,,,,,12,,,,,,,,,,,,,-12,,,,-12,,0,0,5.015,0,3.892,3.892,5.012,1,4.162,4.162,5.012,1,4.463,4.463,5.011,1,3.439,3.439,5.012,1,3.039,3.039,5.012,1,4.749,4.749,5.008,1,4.655,4.655,5.012,1,3.388,3.388,4.801,1,0,0,5.011,0,3.17,3.17,5.013,1,0.78,4.066,5.012,2,3.088,4.692,5.012,2,0.418,4.07,5.014,3,4.054,4.054,5.014,1,71,,,,,,,"2,993",,525,,,,,-328,,,,,-1623,,,,,,,,,,,2323,,-1459,3565,,,,,,,4017,,,,,,,,,1449,,,,,,,,,,,,,,,,,,,,,,,"-438,048",,"255,003",,,,,4,,,,,,,,,,,,,,,,,,,-6,,,0,0,5.012,0,3.887,3.887,5.011,1,0.107,0.107,5.012,1,0,0,5.013,0,4.769,4.769,5.008,1,3.337,3.337,5.11,1,1.972,2.917,5.013,2,4.563,4.563,5.014,1,3.483,3.483,5.112,1,4.362,4.362,5.012,1,3.596,4.846,5.007,3,4.897,4.897,5.108,1,4.596,4.596,5.011,1,4.503,4.503,5.011,1,2.724,2.724,5.012,1,768,Female,19,"White,American Indian or Alaska Native,Asian",Somewhat unlikely,Condition 1
2026-02-20 17:29:19,2026-02-20 17:33:16,IP Address,100,237,TRUE,2026-02-20 17:33:17,R_6VqGP8lCtGU2dcz,anonymous,EN,1,"Yes, I consent to participating",,,,,,,,,,,,,,,,,,,,9,,,,,,,,,-7,,,,,,,,,,,,-13,,,,,,,5,,,,,,72,,,,,,,,,,,-48,,,,,,,,,,,4,,2,,,,,,,,-3,,,,,,,9,,,,,,,8,2.609,2.609,3.474,1,4.35,4.35,5.106,1,0,0,5.107,0,4.759,4.759,5.107,1,0,0,5.006,0,3.005,3.005,3.831,1,0,0,5.107,0,2.372,2.372,3.245,1,3.997,3.997,4.813,1,4.176,4.176,5.006,1,0,0,5.007,0,3.935,3.935,5.107,1,4.396,4.396,5.006,1,3.781,3.781,4.657,1,3.753,3.753,4.849,1,,,,,,,243,,,,,59,,,,,,,-210,,,,,,,,,,,,,,,121,,,-179,,,,,19,,,,,,,,,,2726,,,,,,,,,,,,,,,,,,,,,,,,7,,,,,,,6,,,,,,18,,15,,12,,,14,,11,,,0,0,5.008,0,1.079,1.079,1.937,1,4.84,4.84,5.007,1,4.679,4.679,5.006,1,2.103,2.103,2.856,1,2.952,2.952,3.753,1,2.899,2.899,3.668,1,4.218,4.218,5.007,1,0.894,0.894,1.872,1,3.879,3.879,4.672,1,4.735,4.735,5.006,1,4.192,4.192,5.067,1,4.528,4.528,5.004,1,4.107,4.107,4.973,1,1.823,1.823,2.5,1,71,,"1,281","1,603",,,"4,103",,,,,,,,,,,,-1261,,-3235,,,,,,,,786,,,,,,,-1270,,,,,,-1717,,,,,,,,,,,,,,,,"187,256",,,,,,,"-437,048",,,,,,,,,,,,,,4,,,,,,,,-4,,,-6,,,,,9,,,9,,,,0.695,0.695,1.551,1,2.151,2.151,3.153,1,2.264,2.264,3.548,1,2.762,2.762,3.626,1,1.35,1.35,2.222,1,2.365,3.73,4.698,2,2.005,2.005,2.775,1,0.518,0.518,1.508,1,1.283,2.381,2.996,2,0.608,0.608,4.888,1,0.555,0.555,1.316,1,0.97,0.97,1.896,1,2.42,2.42,3.349,1,0.763,2,2.601,2,1.186,2.309,2.87,2,768,Female,21,"White,Asian",Extremely unlikely,Condition 2
2026-02-21 02:27:38,2026-02-21 02:32:19,IP Address,100,280,TRUE,2026-02-21 02:32:19,R_1FLii2O4eR6A1bQ,anonymous,EN,1,"Yes, I consent to participating",,,-9,,,7,,10,-7,,,,,,,-6,,-6,,,,,,,,,,-5,,,,-3,,,,,,,,,,,,,,-19,-11,,,,,,,,,48,,,,,,,,,,,,42,,,,,,,,,,,,1,,,,-7,,,,,,,-5,,,,,,,,,,1.316,1.316,1.971,1,2.109,2.109,2.897,1,1.188,1.188,1.935,1,1.444,1.444,2.348,1,2.766,2.766,3.652,1,1.907,1.907,2.679,1,2.182,2.182,2.871,1,1.444,1.444,2.25,1,0.988,1.657,2.454,2,3.518,3.518,4.312,1,2.236,2.236,3.015,1,4.635,4.635,5.103,1,1.463,1.463,2.185,1,1.34,1.877,2.74,2,1.904,1.904,2.701,1,95,,,363,,,,,,,,,,,,,,-151,,,,,,,,,,,,,,,,,,,,,-141,,,,,,,,168,,,,,,2686,,,,,1666,,,,,,,,,2736,,,,,,,"2,403",,,,,,,,12,,,,,,,,,,,,,,,,,,,0,0,5.006,0,0.086,4.289,5.108,2,4.113,4.113,5.004,1,4.204,4.204,5.005,1,4.907,4.907,5.006,1,2.616,2.616,5.005,1,0,0,5.003,0,4.14,4.14,5.102,1,4.512,4.512,5.107,1,0,0,5.003,0,3.847,3.847,5.009,1,3.734,3.734,5.103,1,0,0,5.004,0,0.101,3.794,5.006,2,0,0,5.003,0,71,,,,,,,,,,,,,,,,,,,,,,-4123,,,,,,,,,,,,,,,,,,,,,,,,,,,,,,,"373,320","457,104",918055,"437,048",,,,,,,,,,"255,003",,,"373,320",,,,"188,256",,,,,,,,8,,,,-7,,,,,-7,,,,,,,,,,,0,0,5.007,0,0.215,0.215,5.003,1,0,0,5.007,0,3.37,3.37,5.008,1,0,0,5.107,0,4.433,4.433,5.105,1,4.97,4.97,5.003,1,4.503,4.503,5.004,1,4.69,4.69,5.004,1,0,0,5.103,0,3.05,3.05,4.235,1,3.152,3.152,4.09,1,1.641,1.641,5.006,1,3.721,3.721,5.107,1,3.7,3.7,5.007,1,768,Female,21,Asian,Somewhat unlikely,Condition 3
2026-02-21 15:10:34,2026-02-21 15:14:45,IP Address,100,251,TRUE,2026-02-21 15:14:46,R_5GngYxiBJiua0XT,anonymous,EN,1,"Yes, I consent to participating",,,,,,,,,,,,,,,,,,,,,,3,,,,,,,,8,,,-14,12,12,,,,,9,,,,,,,,,,,24,,,,,,,,,-56,,,-27,-77,,,,,36,,,,,,,,,,,,,,,,,,,,,,,,,4,,,,,,,2.843,2.843,3.865,1,3.772,3.772,4.68,1,1.649,1.649,2.4,1,3.941,3.941,5.006,1,0,0,0.177,0,4.805,4.805,5.009,1,0,0,5.01,0,2.877,2.877,4.001,1,3.496,3.496,4.771,1,3.955,3.955,4.748,1,2.827,2.827,3.687,1,4.325,4.325,5.008,1,0,0,0.488,0,3.942,3.942,5.008,1,2.332,2.332,5.009,1,,,,,,,,390,,,,,,,,,,,,,,,-272,,,,,,,,,,,,,,,,,,,,,,,,,-37,,,,,,,,,,,,,,,,,,,,,,,,,,,,,,,,,,,,,,,,-7,,,,,,,,,,,,,0,0,5.108,0,0,0,0.517,0,0,0,1.201,0,0,0,0.584,0,0,0,0.726,0,0,0,0.795,0,0,0,4.963,0,3.188,3.188,5.01,1,0,0,0.746,0,0,0,0.738,0,0,0,0.57,0,0,0,3.19,0,4.173,4.173,5.013,1,0.338,0.338,5.009,1,4.234,4.234,5.01,1,71,,,,,,,,,,,,,,,,,,,,,,,,,,,,,,,,,,,,,,,,,,,,,,,,,,,,,,,,,,,,,,,,,,,,,,,,,,,,,,,,,,,,,,,,,,,,,,,,,,,,,0,0,0.638,0,0,0,0.666,0,0,0,0.316,0,0,0,0.452,0,0,0,0.466,0,0,0,0.499,0,0,0,2.096,0,0,0,0.372,0,0,0,0.328,0,0,0,0.2,0,0,0,0.201,0,0,0,0.611,0,0,0,0.386,0,0,0,0.423,0,0,0,0.6,0,768,Male,24,White,Extremely unlikely,Condition 3
2026-02-22 00:26:58,2026-02-22 00:29:19,IP Address,100,140,TRUE,2026-02-22 00:29:20,R_1lmKH2kZDDsvt0j,anonymous,EN,1,"Yes, I consent to participating",,,,,,,,,,,,-3,,,,,,,,,,,,,,-3,,,,,,,,,,,,,,,,-10,,,,,,,,,,,,,70,,,,-11,,,-30,,,,,,,,,,,,,,,,,9,,,,9,,,,8,,,,,,,,,3,,-8,,,0,0,5.107,0,4.542,4.542,5.106,1,0,0,0.257,0,0,0,5.003,0,3.162,3.162,5.004,1,4.296,4.296,5.004,1,0,0,0.169,0,2.655,2.655,4.106,1,2.859,2.859,3.822,1,4.882,4.882,5.006,1,0.251,1.309,2.711,2,0.76,0.76,1.628,1,0.466,0.466,1.334,1,0.471,0.471,1.204,1,0.431,0.431,1.226,1,,,,,200,,,,,,,,,,,,-105,,,,,-220,,,,,,,,,,-85,,,,,,,,,,,,38,,,,,72,,,,,,,,4018,,,,,,,-3108,,,,2418,,,,10768,,,,,3,10,,,,,,12,14,,,,,-6,,,,,,,,,,,0.432,0.432,1.219,1,0.292,0.292,1.128,1,0.4,0.4,1.268,1,0.642,0.642,1.354,1,0.448,0.448,1.372,1,0.219,1.263,2.18,2,0.403,0.403,1.187,1,1.058,1.058,1.9,1,0.456,0.456,1.256,1,0.438,0.438,1.245,1,0.594,0.594,1.49,1,0.49,0.49,1.342,1,0.424,0.424,1.087,1,0.462,0.462,1.201,1,0.441,1.255,1.661,2,71,"1,003",,,,,,,,,,,-293,1409,,,,,,,,,,,,,,,786,,,,,,1183,,,,,,4017,,-333,,,,-3565,2191,-1775,,,,,,,,"437,048",,,,,,,,,,,"-68,660",,,,,,,,,,,,,,,,,,-6,,,,,,,,,,6,,,-7,,,0.436,0.436,1.37,1,0.484,1.32,2.182,2,0.165,0.165,0.935,1,0.142,0.142,1.169,1,0.254,0.254,1.095,1,0.43,0.43,1.197,1,0.618,0.618,1.652,1,0.83,0.83,1.505,1,0.634,0.634,1.589,1,0.368,0.368,1.423,1,0.293,0.293,1.244,1,0.399,0.399,1.225,1,0.376,0.376,1.277,1,0.376,0.376,1.185,1,0.568,0.568,1.376,1,768,Male,22,Black or African American,Somewhat likely,Condition 1
2026-02-23 06:12:13,2026-02-23 06:17:02,IP Address,100,288,TRUE,2026-02-23 06:17:03,R_7n6i4Xz3wTyZYXW,anonymous,EN,1,"Yes, I consent to participating",,,,6,,,,,,-14,,,-8,,,,,,19,,,,,,,,,,,,,,,,,,,,19,,,,-11,,,,,,,,,,,,,,,63,,,,,,,,,,,,90,26,,-44,21,80,,,,,,,,,,,,,-6,-8,,,,,,,,,,,,2.072,2.072,3.38,1,3.72,3.72,5.108,1,1.933,1.933,3.101,1,2.781,2.781,3.957,1,3.507,3.507,4.797,1,1.787,2.633,3.789,2,1.861,1.861,2.791,1,3.972,3.972,5.006,1,1.917,1.917,2.792,1,2.181,2.181,3.336,1,2.128,2.128,4.043,1,3.079,3.079,4.172,1,2.911,2.911,4.121,1,3.781,4.385,5.006,2,0,0,0.272,0,,125,200,,,,,,45,,,,,,,147,,,,,,,,,,57,47,,,,,,92,,,,,,,,-100,,,,,,,,,,834,,,,,,,,,,,,,,,,,,,5594,,,,,,,,,,,,,,,,-15,16,,,,,,,,,,,,,,4.528,4.528,5.004,1,2.946,2.946,5.006,1,3.825,3.825,5.107,1,3.146,3.146,5.106,1,0,0,5.004,0,4.892,4.892,5.105,1,3.447,3.447,5.006,1,0,0,5.005,0,3.804,3.804,5.006,1,4.385,4.385,5.106,1,4.064,4.064,5.007,1,4.587,4.587,5.005,1,0,0,5.005,0,4.817,4.817,5.106,1,4.394,4.394,5.005,1,71,,,,,,,,2433,,,,,,,,,,,,,,,,,917,535,,,,,,,,,,,-1587,2867,-2250,,,,,,,,,,,,"70,660",,,,,,,"256,003",,,,,,,,,,,,"457,104",,,,,,,,,,,,,,,,,-6,,,,5,,,,,,,,,,0.001,0.001,5.006,1,1.716,1.716,3.544,1,3.872,3.872,5.005,1,4.122,4.909,5.004,2,3.082,3.082,5.005,1,4.996,4.996,5.005,1,4.495,4.495,5.006,1,0,0,5.005,0,3.662,3.662,5.106,1,3.76,3.76,5.006,1,3.939,3.939,5.006,1,4.511,4.511,5.106,1,0,0,5.105,0,0.317,0.317,5.007,1,0,0,5.005,0,768,Female,23,Asian,Extremely unlikely,Condition 2
2026-02-23 11:53:23,2026-02-23 12:10:56,IP Address,100,1053,TRUE,2026-02-23 12:10:56,R_5P1A69AKbSDAALi,anonymous,EN,1,"Yes, I consent to participating",,,,6,,,-15,,,,,,,,,,-9,,,,,,,,,,3,,,,,,,,,,,,,,,,,,-14,,,,,,,,45,,,,,63,,,-52,-30,,-77,,,,,,,,,,,,,,,,,,,9,,,,-8,,,,,,,,,,,,,8,2.365,2.365,3.135,1,0,0,5.003,0,3.062,3.829,5.002,2,0,0,0.121,0,2.426,2.426,3.211,1,1.56,1.56,5.002,1,2.594,2.594,5.102,1,2.825,2.825,5.002,1,2.362,2.362,5.002,1,2.166,2.166,5.002,1,2.822,2.822,5.003,1,2.773,2.773,5.005,1,3.726,3.726,5.102,1,3.031,3.031,5.003,1,3.003,3.003,5.003,1,,,,,,,,,,,,,,,,,,,,,-223,,,,,,,,,,,,,,-89,,,228,,,,,,,,,,,,,,,,7860,,,,,,,,,-1444,,,,,,,,,,,,,,,,,,,,,,,,,,,,,14,,,14,,,,12,,0,0,5.003,0,4.346,4.346,5.002,1,4.851,4.851,5.002,1,0,0,5.101,0,0.371,3.638,5.002,2,3.972,3.972,5.001,1,0.332,0.332,5.002,1,0,0,5.001,0,3.5,3.5,5.004,1,0,0,5.102,0,0,0,5.003,0,3.935,3.935,5.002,1,3.565,3.565,5.002,1,0,0,5.002,0,0,0,5.103,0,71,,,,,,,,,,,,,,,,,,,,-3235,,,,,,,,,,,,,,,-1270,,,,,,-1727,,,,,,,,,,,,,,,,"188,256",,,,,,,,,,,,,,"920,055",,,,"310,236",,,,,7,,3,,,,5,,-8,,,,,,,,,,,,,3.649,3.649,5.002,1,4.678,4.678,5.002,1,4.372,4.372,5.102,1,0,0,5.002,0,3.376,4.893,5.103,2,3.64,3.64,5.002,1,3.652,3.652,5.002,1,0,0,5.102,0,4.22,4.22,5.102,1,0,0,5.102,0,0,0,5.002,0,3.454,3.454,5.001,1,3.1,3.1,5.003,1,0,0,5.102,0,4.621,4.621,5.003,1,768,Female,21,Asian,Extremely unlikely,Condition 1
2026-02-23 15:55:25,2026-02-23 16:00:01,IP Address,100,276,TRUE,2026-02-23 16:00:02,R_6PvqBDa44JT8QJL,anonymous,EN,1,"Yes, I consent to participating",,,,,,,,,,,24,,,,11,,,,,,,,23,,,,,,,,,-3,,,,,,,,9,-13,,,,,,-11,,-5,,,,,,,,,,-30,,,,,,,-48,35,42,,90,,,,,,,,2,,,,,,,,,,,,,,,,4,,,,,,,3.602,3.602,4.442,1,3.272,3.272,4.012,1,2.929,2.929,3.769,1,2.789,2.789,3.728,1,2.629,2.629,3.4,1,1.654,1.654,2.492,1,2.393,2.393,3.331,1,2.787,2.787,3.676,1,1.982,1.982,2.688,1,2.421,2.421,3.393,1,4.418,4.418,5.007,1,1.957,1.957,2.679,1,2.359,2.359,3.398,1,2.122,2.122,3.095,1,2.846,2.846,3.734,1,,,,,,302,,,,,,,,,,,,,,-364,,,,-276,,,37,,,,,,,,,,,,,,,,,,,,,,,,,,,,,,,,,-2914,,,,,,,,,,,1202,,"7,310",,,,,,12,,,,,,,,,-7,-18,,,,,,,,,,,,0,0,5.004,0,4.251,4.251,5.006,1,3.913,3.913,5.106,1,3.127,3.127,5.002,1,3.525,3.525,5.106,1,4.9,4.9,5.005,1,0.328,0.328,5.005,1,4.9,4.9,5.005,1,0.292,3.509,4.265,2,0,0,5.002,0,0,0,5.006,0,3.787,3.787,4.809,1,0,0,5.007,0,0.033,4.617,5.003,2,0,0,0.124,0,71,,,,,,,"3,003",,,224,,,,,,,,,,,-4681,,,,,,,,,2343,,,,,,,,,,,,,-363,,,,,,,,,,,,920055,,,,"69,660",,,"-457,104",,,,,,,,,,,,"255,003",,,,,,,,,,,,,,,,,,,,,,,,,,,2.937,2.937,5.005,1,2.705,2.705,5.004,1,0,0,0.32,0,4.665,4.665,5.003,1,0,0,1.057,0,4.314,4.314,5.004,1,4.357,4.357,5.003,1,4.533,4.533,5.007,1,2.268,2.268,3.591,1,4.775,4.775,5.004,1,0,0,5.006,0,0,0,5.006,0,0,0,5.106,0,0,0,5.003,0,3.915,3.915,5.106,1,768,Male,21,Other,Somewhat unlikely,Condition 3
2026-02-23 17:09:06,2026-02-23 17:13:22,IP Address,100,255,TRUE,2026-02-23 17:13:22,R_7XWu7cSw9FFkZvb,anonymous,EN,1,"Yes, I consent to participating",,5,,,17,,,,,,,-3,,-6,,,,,,,,,,,,,3,,-7,,,,,12,,,,13,,,,,-11,,,,,,,,,,,,,,,,,,,,,,,,,,36,,,,,,,4,,,,,,,,,,,,,,,,,,,,,,-8,,,0,0,5.104,0,1.566,1.566,2.722,1,1.744,1.744,2.531,1,3.806,3.806,4.561,1,1.116,1.116,1.819,1,1.461,1.461,2.166,1,3.013,3.013,3.589,1,0,0,5.003,0,0.185,1.835,3.171,2,2.789,2.789,3.477,1,2.094,3.393,4.646,2,0,0,5.008,0,2.631,2.631,3.653,1,2.85,2.85,3.621,1,3.15,4.967,5.011,2,,,,,,312,,,45,,,,,,,,,,,,,-220,,,,,,-73,,,,,,,,,,,-131,,,,,,,,,,,,,,,,,,,,,,,,,,,-7412,,,,,,,,,,,,,,,,,,,14,15,,,,,15,,-14,,,,,,,,0,0,5.105,0,0.29,4.875,5.006,4,4.437,4.437,5.11,1,3.949,3.949,5.009,1,3.801,3.801,5.019,1,4.245,4.245,5.003,1,0,0,5.009,0,3.521,3.521,4.31,1,0,0,5.108,0,2.503,2.503,3.692,1,4.491,4.491,5.109,1,0.086,0.086,5.01,1,0,0,5.004,0,3.797,3.797,5.11,1,0,0,5.009,0,71,,,,,,"4,093",,,,,,,,-338,,801,,,,,,,,,,,,,1419,,-2201,-1439,,,,,,,,,,,,,1757,,,,,,,,"373,320",,,,,,,,"-373,320",,,,,"255,003",,,"-373,320",,,,,,,3,4,,,,,,,,,,,,,,,,,,,,,,,5,0.109,0.109,5.01,1,0.378,0.378,1.116,1,0.455,1.956,3.007,2,0,0,5.01,0,3.575,3.575,5.01,1,2.889,2.889,4.51,1,4.119,4.119,5.004,1,4.453,4.851,5.005,2,3.38,4.381,5.003,2,0.496,2.897,5.005,2,0.498,0.498,1.252,1,0.365,0.365,1.053,1,0.494,1.015,1.532,2,1.356,1.356,3.656,1,3.049,4.049,5.01,2,768,Female,21,Native Hawaiian or Pacific Islander,Extremely unlikely,Condition 2
2026-02-23 17:21:37,2026-02-23 17:25:44,IP Address,100,247,TRUE,2026-02-23 17:25:44,R_3Bzyc17jY4UvxeC,anonymous,EN,1,"Yes, I consent to participating",,,,,,7,,10,,,,,,,,,,,19,,,,,,,3,,,,,-12,,,,,,,,,,,-2,,,,,,,,7,,,,,,,,,,,,,,,,,,,,,,,44,,,,,,8,,9,,,,,-3,,,,,-5,8,,,9,,,,,,0,0,5.01,0,1.857,1.857,3.078,1,1.236,1.236,1.991,1,0.998,0.998,1.771,1,4.642,4.642,5.105,1,1.321,1.321,2.014,1,2.332,3.099,3.672,2,3.203,3.203,4.038,1,3.714,3.714,4.455,1,2.203,2.203,2.927,1,3.234,4.067,4.541,2,1.436,1.436,2.16,1,2.191,2.507,3.694,2,2.988,3.488,4.615,2,2.151,2.886,3.576,3,105,,,363,,,,,,,,,,,,,-115,,,,,,,,,,,,84,,,,,,,101,,,,174,,,35,,,75,,,,,,,,,,,,1666,,,,,,,,,,,,,,10768,,,,,,,,,,,,,,,,,,,,,,,12,,,,,,0,0,5.009,0,4.19,4.19,5.008,1,0,0,5.11,0,2.904,2.904,4.246,1,3.283,3.283,4.556,1,0.06,3.093,3.447,3,0,0,5.106,0,4.4,4.4,5.008,1,3.2,3.2,4.771,1,0,0,0.363,0,3.06,3.06,5.006,1,2.479,2.479,3.368,1,2.656,4.824,5.008,3,4.029,4.029,5.01,1,2.275,2.275,3.552,1,71,,,,,,,,,,,,,1409,,2333,,,,,,,-4113,,,,,,,,,,,,1183,,,,2867,,,,323,,,,,,,1449,,,,,,,,,,,,,,,"-437,048","-189,256",,,,,,,,,,,,,,,,,,,,,,,,6,,,,8,,,,,,,,0,0,0.388,0,4.363,4.363,5.007,1,4.375,4.375,5.107,1,2.823,2.823,3.777,1,2.762,2.762,3.719,1,0,0,5.109,0,3.474,3.474,5.007,1,0,0,5.009,0,3.637,3.637,4.545,1,1.346,1.346,2.388,1,1.792,1.792,2.916,1,0,0,5.007,0,2.984,2.984,4.259,1,4.18,4.18,5.106,1,3.115,3.115,4.238,1,768,Male,21,Asian,Extremely unlikely,Condition 1
2026-02-23 20:58:40,2026-02-23 21:40:08,IP Address,100,2488,TRUE,2026-02-23 21:40:09,R_1gSaPKCPNQ1NCcS,anonymous,EN,1,"Yes, I consent to participating",,,-9,,,,,,,,,,-8,,,,,,,,,3,,,,,,,,,,,,,,,,,,,,,,-19,,-19,,,,,,,45,72,,,,,,,,,,,-48,,,,,,,,,,,,,,,,,2,,-7,,,,6,8,,,,,,,,,,,,3.401,3.401,5.004,1,4.184,4.184,5.011,1,3.659,4.36,5.013,2,2.513,2.513,5.109,1,3.433,3.433,5.109,1,0,0,5.004,0,0,0,5.109,0,0.259,2.454,5.106,2,1.303,1.303,5.105,1,1.725,1.725,5.104,1,4.23,4.23,5.003,1,0,0,5.011,0,2.768,2.768,5.005,1,2.903,2.903,5.105,1,2.632,2.632,5.107,1,,,,,,,,,,,74,-49,,,,-147,,,-200,,,,,,,,,,,,,-85,,,,,,228,,,,,,,,,,,,,,2726,,,,,4118,,,,,,,,,,,,,,,,,,,,,,,9,15,,,,,,,,,,,,,,,,,,,,3.705,3.705,5.105,1,0.254,2.969,5.005,2,5.067,5.067,5.109,1,4.697,4.697,5.004,1,0.018,4.555,5.004,3,0,0,5.118,0,0.116,3.213,5.106,2,0,0,5.103,0,0,0,5.106,0,0,0,5.005,0,4.834,4.834,5.008,1,0.178,0.178,5.105,1,0.294,0.294,5.11,1,0,0,5.11,0,0.161,0.161,5.103,1,71,"1,013",,,,"4,681",,"3,013",,,,,,,,,,,,,,,,,,,,,776,,,,,3545,,,,,,-2250,,,,,,,,,,,,,,,"456,104",,,,,"-68,660","-341,576",,,,,,"-255,003",,,,,,"438,048",,,,,,,,,,,,,,,,,,,,,,,,,,,,,4.316,4.316,5.005,1,4.598,4.598,5.008,1,3.652,3.652,5.006,1,4.202,4.202,5.011,1,0.244,0.244,5.004,1,4.076,4.442,5.005,2,0,0,5.009,0,0,0,5.006,0,0,0,5.107,0,3.573,4.701,5.009,2,4.527,4.527,5.109,1,0.174,0.174,5.103,1,3.665,4.637,5.004,2,4.969,4.969,5.006,1,0,0,5.009,0,768,Female,21,Other,Neither likely nor unlikely,Condition 2
2026-02-24 14:06:56,2026-02-24 14:13:01,IP Address,100,364,TRUE,2026-02-24 14:13:01,R_6OxXwSGKd4LPah7,anonymous,EN,1,"Yes, I consent to participating",,,,,,,,,,,,,,,,,,,,,,,,,,,,5,,,,,,,,,,,,,,,,,,,,,,,,,,,70,,44,,,,,,,,,,,,,,,,,,,,,,,,,,,,,,,,,-9,,,,,,,,,,,0,0,5.009,0,0,0,5.009,0,0.879,1.395,5.01,2,2.309,2.309,3.136,1,0,0,5.108,0,3.731,3.731,4.339,1,0,0,5.009,0,0,0,5.108,0,3.387,3.387,4.063,1,0,0,5.009,0,0,0,5.008,0,2.218,2.218,5.008,1,0,0,5.009,0,4.493,4.493,5.107,1,0,0,5.006,0,,,,,,,263,,,,,,,,56,,,,,,,,,,,,,,,,,,,,,,,,,,-100,,,,,,,,,,,,,,,4352,,,,,,,,,,,,,,,,,,,,,,,,,,,6,-12,,,,,,,,,,,,,,,,,0,0,5.107,0,0,0,5.008,0,0,0,5.008,0,0.3,0.3,2.275,1,0,0,5.007,0,0,0,0.197,0,4.945,4.945,5.007,1,0,0,5.009,0,0,0,5.012,0,0,0,5.008,0,2.93,2.93,3.422,1,3.314,3.314,3.838,1,0,0,5.008,0,3.655,3.655,4.767,1,2.631,2.631,3.219,1,71,,,,,,,,2433,,,,,,,,,,,,-3205,,,,,,535,,,,,-2201,,,,,,,,,,-1727,,,,,,,-1775,,,,,,,,,,,,,,,,,,,,,,,,,,,,,,4,,7,,,4,,,,,,,,,,,,,,,,,,3.896,3.896,4.639,1,1.63,1.63,2.201,1,2.249,2.249,2.924,1,2.393,2.393,3.102,1,3.695,3.695,4.385,1,2.419,2.419,3.095,1,0,0,5.008,0,3.376,3.376,5.107,1,0.529,0.529,1.3,1,0,0,5.108,0,0,0,5.007,0,0,0,5.013,0,0,0,5.008,0,0.228,1.01,4.471,2,0,0,5.01,0,768,Female,18,Other,Somewhat likely,Condition 3
2026-02-24 14:09:53,2026-02-24 14:18:04,IP Address,100,490,TRUE,2026-02-24 14:18:05,R_7CVNVDV6EG3GxxX,anonymous,EN,1,"Yes, I consent to participating",,,,7,,,,,,,,,,,,-7,,,,,-11,2,,,,,,,,,,-3,-14,,,,,,,,,,,,,-19,,,,,24,,,,,48,,,,-56,,,,,,,,,,,,,,,,,,,,,,,,-5,,,,,,,,,,,,,,7,,,2.779,2.779,3.919,1,2.539,2.539,3.363,1,0,0,5.011,0,6.4480000000000000,6.4480000000000000,10.469,1,0.297,3.88,5.107,2,2.486,2.486,3.323,1,3.503,3.503,4.415,1,0,0,5.008,0,0.124,4.675,5.109,3,0,0,5.108,0,4.959,4.959,5.108,1,0.707,0.707,1.532,1,0.326,0.326,1.165,1,0.496,0.496,1.384,1,0.383,0.383,1.19,1,,,,,,,,390,,25,,,,,,,,,,,,,-252,,,,,,,,,,,111,,,,,,,,,,-38,,,,,,,,,,,,,,,-820,,1384,,,-3108,,,2736,,4240,5494,-1102,,,,,,,,14,,,13,,,,,,,,,,,,15,,,,,,,0.355,1.139,1.512,2,0.624,0.624,1.233,1,0.35,0.35,1.637,1,0.361,0.361,0.953,1,0.408,0.792,1.649,2,0.368,0.368,1.14,1,0.516,0.516,1.371,1,1.427,1.427,2.036,1,0.212,0.212,1.149,1,0.367,0.367,1.155,1,0.367,0.367,0.99,1,0.455,0.455,1.163,1,0.399,0.399,1.241,1,0.494,1.26,1.619,2,0.465,0.465,1.218,1,75,,"1,261",,"3,205",,,,,,,,,,328,,,,,,,,,,,917,,,,1409,,,,,,,,,,,,,,-363,,,,,,,-2601,,,,,920055,,,,,,,,,,,,,,,,,,,,"309,236",,,,,,,,,,,,7,,6,-6,,-6,,9,,,,,,,0.545,0.545,1.386,1,0,0,0.461,0,0.449,0.449,1.1,1,0.419,1.453,1.81,3,0.201,0.201,1.089,1,0.388,0.388,1.125,1,0.489,0.489,1.18,1,0.34,0.34,1.226,1,0.464,0.464,1.22,1,0.23,1.23,1.672,2,0.51,0.51,1.212,1,0.472,0.472,1.258,1,0.438,1.288,1.629,2,0.594,0.594,1.464,1,0.525,1.79,2.415,3,768,Male,23,White,Somewhat likely,Condition 2
2026-02-24 14:14:27,2026-02-24 14:18:51,IP Address,100,264,TRUE,2026-02-24 14:18:52,R_7ohS2WKcbZASGqA,anonymous,EN,1,"Yes, I consent to participating",,5,,,,,,,,,,,-8,,11,,,,19,,,,,2,,3,,,,,,,,-12,,,-20,,,,-13,,,,,,,,,7,,,,,,,,,,,,,,-77,,,,,,,,,,,,,,,9,,,,,,,,,,,,,,,,,,,,,,0,0,5.009,0,3.37,3.37,5.006,1,0,0,5.011,0,2.923,2.923,5.006,1,2.436,2.436,4.513,1,2.872,4.924,5.01,3,1.738,1.738,2.574,1,1.437,1.437,2.279,1,2.393,3.26,5.109,2,4.902,4.902,5.107,1,4.29,4.29,5.009,1,0,0,0.208,0,2.84,2.84,4.134,1,1.416,1.416,2.339,1,1.494,1.494,2.513,1,,,,,,,,,,,,,,,,,,,,,,,,,,,,,,-174,,,,,,,,,,,,,,,-116,,,,,121,864,,2686,,,,,,,,,3240,-1424,,,,,-2438,,,,,,"2,503",,,,,,,,,,,,,,,,,,,,,,,,11,,,3.331,4.697,5.005,2,0,0,0.322,0,3.47,3.47,5.009,1,0,0,5.01,0,3.846,4.113,5.11,2,4.198,4.198,5.11,1,0,0,5.009,0,4.569,4.569,5.11,1,3.796,3.796,5.105,1,4.36,4.36,5.005,1,3.067,4.349,5.008,3,3.914,3.914,4.786,1,0,0,5.01,0,4.299,4.299,5.008,1,0,0,0.139,0,71,,,,,,,,,,,,,,,2343,,,,,,,,,,,,,,,,,,,,-1260,,,,,,,,,,,,,,,,,,,,,,,"255,003",,,,,,,,,,,,"457,104",,,"189,256",,,,,,,,,3,,,-7,,,-8,,,,,,,,,,7,,,0,0,5.106,0,4.337,4.986,5.107,2,2.669,2.669,3.884,1,0,0,5.01,0,4.487,4.487,5.008,1,0,0,5.009,0,2.571,2.571,4.611,1,4.028,4.595,5.104,2,0.272,3.605,5.107,3,0,0,5.008,0,3.019,3.019,5.009,1,0,0,5.108,0,0,0,0.467,0,1.813,1.813,5.104,1,0.123,4.022,5.009,3,768,Male,21,Black or African American,Extremely unlikely,Condition 1
2026-02-24 14:33:45,2026-02-24 14:38:34,IP Address,100,288,TRUE,2026-02-24 14:38:36,R_5e9urqlYq9CA7hM,anonymous,EN,1,"Yes, I consent to participating",,,,,,,,,,,24,,,,,,,,,,,,,,,,,,,,,,,,,,,,,,,,,,,,,,,,,,,,,,,,,,,,,,,,,,,,,,44,,,,,,,1,,,,,,,,,,-9,,,,,,,,,,,0,0,5.024,0,0,0,5.031,0,0,0,5.028,0,0,0,5.032,0,0,0,5.018,0,0.436,0.436,5.128,1,0,0,5.014,0,2.048,2.048,2.611,1,2.078,2.078,2.559,1,3.774,4.207,5.131,2,0.18,3.4,3.797,3,0,0,5.018,0,0,0,5.021,0,0,0,5.126,0,0,0,5.029,0,,115,,,,,,,,-25,,,,,56,,-115,,,,,,,,,,,,,,,,,,,,,,,,,,,,,,158,,,,,,,,,,,,,,,-3240,,,,,,,4340,,,,,"2,403",,6,,,,,,,,,,,,,,,,,,,,,,,,,0.103,1.538,5.129,2,3.624,4.724,5.013,2,0.214,3.252,3.634,3,0,0,5.124,0,2.503,2.503,3.078,1,0,0,5.026,0,2.466,2.466,2.913,1,3.076,3.926,5.013,2,2.606,2.606,3.141,1,0,0,5.026,0,0,0,0.129,0,3.502,3.938,5.012,2,3.063,3.063,3.446,1,1.226,1.226,5.026,1,0,0,5.03,0,71,,,"1,623",,,,,,,-214,786,-283,,,,,,,,,,,,,,,,,,2353,,-1459,,,,,,,,,,,,,,,,,,,"68,660",,,,,,,,,,"-373,320",,,,"-189,256",,,"342,576","-372,320",,"920,055",,,,,,,,,,8,,,,,,,,,,,,,,,,,,,6,3.233,3.233,4.164,1,4.824,4.824,5.026,1,2.836,2.836,3.365,1,3.61,4.101,5.03,2,2.08,2.08,2.362,1,1.769,1.769,2.044,1,1.738,1.738,1.999,1,4.066,4.497,4.513,2,0,0,5.028,0,3.337,3.67,5.126,2,4.241,4.241,4.6,1,2.319,2.319,2.983,1,3.138,3.138,3.569,1,3.444,3.728,3.743,2,2.005,2.005,2.503,1,768,Male,24,"White,Other",Somewhat likely,Condition 3
2026-02-24 14:47:08,2026-02-24 14:49:57,IP Address,100,168,TRUE,2026-02-24 14:49:58,R_7I2iQJEsRyNADND,anonymous,EN,0.800000011920929,"Yes, I consent to participating",,,,,,,,,,,,,,-5,,,,,,,,,,,-12,,,,,,,,,,,,,5,,,,-2,,-19,,,,,,,,,,,70,,44,,,,,-30,,,,,,,-36,,,,,21,,4,,2,,,,2,,,,,,,,,,,,,,,,,,,2.207,2.207,3.419,1,2.059,2.209,5.009,2,1.957,2.257,3.24,2,2.592,2.592,3.039,1,3.18,3.545,5.02,2,0,0,5.013,0,4.793,4.793,5.025,1,0,0,0.247,0,1.452,1.452,1.915,1,1.824,1.824,2.34,1,1.958,1.958,2.388,1,1.409,1.409,1.855,1,1.454,1.454,1.851,1,1.651,1.651,1.999,1,1.481,1.481,1.861,1,,,,,,,,,-45,,,-49,,54,,,,,,,,,,-286,,,,,,,,,,,,,,,,,,29,,,,-75,,-27,,,884,,2646,,,,,,,,,,,,-2790,,,,,5494,,,,,,,,,,9,15,13,7,,,,,,,,,,,,,,,,,,1.341,1.341,1.609,1,1.478,2.509,3.503,3,1.444,2.062,3.726,2,1.568,3.035,3.305,3,1.501,1.501,1.848,1,1.573,1.573,2.02,1,1.321,1.671,3.487,2,1.566,1.802,1.802,2,2.361,2.361,2.64,1,1.642,1.642,2.223,1,1.855,1.855,2.284,1,1.71,1.71,2.276,1,1.682,1.682,2.028,1,1.293,1.293,1.589,1,1.409,1.409,1.689,1,71,,"1,281","1,623",,,,,,,,,,,,,-801,-1023,,,,,,-3003,,,,,,,,,-1459,,,,,,,,,,,-343,,,,,,,,"70,660",,,,,"437,048",,,,,,,,"-437,048",,,,,,,,,"-188,256","-255,003",,,,,,,,,,,,,,,,,,,-7,,,7,,-7,,,1.306,3.277,4.472,2,0.929,1.397,2.005,2,0.99,0.99,1.31,1,1.323,2.14,2.832,2,1.286,1.286,1.933,1,1.696,1.696,2.106,1,1.631,1.631,2.263,1,1.3,1.3,1.846,1,2.073,2.591,2.608,2,1.568,2.235,2.799,2,1.339,1.339,1.871,1,3.03,3.03,3.563,1,1.779,3.213,3.225,3,1.458,1.458,2.272,1,1.458,1.458,2.157,1,768,Male,24,"White,Other",Somewhat likely,Condition 3
2026-02-24 14:46:03,2026-02-24 14:50:40,IP Address,100,276,TRUE,2026-02-24 14:50:41,R_6VIms12vB8oFbyu,anonymous,EN,1,"Yes, I consent to participating",,,,,,,,10,,,,-3,,,,,,,,,,,,,,,,,,8,-12,,,,,13,,,,,,,,,-14,,,,-5,,,,45,,,,,,,,,,,,-48,,35,,,,26,,,,,,,,,,9,,,,,,,,-8,,-5,,,,,,,,,,0,0,5.012,0,3.704,3.704,5.011,1,2.905,2.905,3.569,1,3.701,3.701,4.717,1,1.955,1.955,2.636,1,3.64,3.64,4.001,1,2.138,2.138,2.686,1,1.464,1.464,1.995,1,1.801,1.801,2.715,1,3.074,3.074,3.737,1,2.432,2.432,3.213,1,1.895,3.395,4.142,2,2.156,2.156,2.673,1,3.016,3.016,3.948,1,2.242,2.242,2.972,1,,,,,,,,,,,74,,181,,,,,,,,,,,,,,,,,,,,,,,101,,,,,,,,48,,,,,,121,,,,,,,4018,,,,,,,,,,,,,,,,,,"6,436",,,,,,,,,,,,,,18,-8,,14,,,14,,,,,,0,0,5.012,0,4.845,4.845,5.11,1,3.112,3.112,5.011,1,3.879,3.879,5.01,1,4.576,4.576,5.007,1,0.342,4.358,5.01,2,3.992,3.992,5.013,1,0,0,5.01,0,3.846,3.846,5.01,1,3.56,3.56,5.011,1,0,0,5.014,0,4.924,4.924,5.01,1,4.115,4.115,5.012,1,0.278,0.278,4.879,1,0,0,5.01,0,71,,,,,,,,,,,,,,,,,,-1281,,,-4691,,,,,,,,,,,,,,,,,,,4007,,,,-867,,-3565,,,,,,,,,,,"187,256",,,,,"-457,104",,,,,,,,,,,,"255,003",,,,,5,,,,,,,,,,,,,,,,5,,,,7,,2.523,4.791,5.015,2,3.795,3.795,5.011,1,0,0,5.011,0,3.628,3.628,5.011,1,0,0,5.11,0,4.957,4.957,5.007,1,3.024,3.024,5.009,1,0.156,0.156,5.011,1,4.978,4.978,5.01,1,3.178,4.945,5.014,2,0.219,0.219,5.012,1,0,0,5.008,0,3.652,3.652,5.011,1,4.143,4.143,5.011,1,4.246,4.246,5.011,1,768,Male,21,White,Neither likely nor unlikely,Condition 1
2026-02-24 16:33:57,2026-02-24 16:41:39,IP Address,100,461,TRUE,2026-02-24 16:41:39,R_1atJqu6jGijoGjv,anonymous,EN,0.8999999761581420,"Yes, I consent to participating",,,,,,,,,-7,,,-3,,-6,11,,,,,,,3,23,,,,,,,,,,,,,,,,,,13,,,,,,,,,,24,,,,,,,,,,,,,,,-48,,,,,,,,,,,,,,1,,,,,,,,,,,,,,,,,,8,,,0,0,5.011,0,0,0,5.011,0,0,0,5.11,0,4.458,4.458,5.011,1,2.351,2.351,5.011,1,3.429,3.429,5.011,1,0,0,5.01,0,0.226,4.296,5.007,2,0.267,3.467,5.009,3,2.662,2.662,5.01,1,2.481,2.481,5.111,1,3.193,3.193,5.011,1,4.08,4.08,5.011,1,4.529,4.529,5.01,1,3.595,3.595,5.008,1,,,,,,,,,,,,,,,,,,,,,,,,,,,,,,,,,,,,,,,,,,,,,,,,,,,,,,,,,,,,-2914,,,,,,,,,,,,,,,,,,,,,,,,,,-15,,,,,,,,,,,9,,,,0,0,5.011,0,3.91,3.91,5.112,1,3.82,3.82,5.008,1,0,0,5.013,0,0,0,5.015,0,0,0,5.011,0,0,0,5.111,0,0,0,5.011,0,0,0,5.11,0,0,0,5.011,0,4.783,4.783,5.111,1,0,0,5.111,0,0,0,5.11,0,0,0,5.011,0,0,0,5.009,0,71,,,,,"4,701",,,2433,,-214,776,,,,,,,,,,,,,,,,,,,,,,3575,,,1760,,,,,,,,,,,,,,,,,,,,,,,,,,"-457,104",,,,,,,,,,,,,,3,3,2,,,,,,,-7,,,,,,,,,,,,,,,,0,0,5.011,0,0.182,0.182,5.013,1,0,0,5.01,0,4.95,4.95,5.108,1,4.279,4.279,5.011,1,4.264,4.264,5.01,1,3.689,4.79,5.006,2,4.784,4.784,5.007,1,4.721,4.721,5.11,1,3.827,3.827,5.012,1,4.153,4.153,5.011,1,3.908,4.659,5.013,2,0,0,5.014,0,0,0,5.011,0,0.226,0.226,5.112,1,768,Male,28,White,Neither likely nor unlikely,Condition 2
2026-02-24 19:23:25,2026-02-24 19:25:42,IP Address,100,137,TRUE,2026-02-24 19:25:43,R_5b14NHO0FWy9J4d,anonymous,EN,0.699999988079071,"Yes, I consent to participating",,,,7,17,,-15,,,,24,,,,,,,,,,,,,,,,,,-7,,,,,,,,,,,,,,-11,-19,-14,,,,,,,,,,,,,,,,,,-27,,,,,,,,,,,,,,7,,,,,,,,-8,,-6,-7,,,,,,,,,7,,,,0,0,5.109,0,2.776,2.776,3.754,1,3.033,3.033,4.846,1,1.634,1.634,2.096,1,3.701,4.418,4.965,2,2.278,2.278,2.74,1,1.883,1.883,2.262,1,1.608,1.608,1.985,1,1.697,1.697,2.041,1,2.009,2.009,2.37,1,1.875,1.875,2.688,1,1.667,1.667,2.063,1,2.166,2.166,2.526,1,3.562,3.562,4.025,1,1.468,1.468,1.805,1,,,,,,,,,,,,,,,,,,,,,,,,,,,37,,,,,,,,,,,,,,,,,,,,,,,,,,,,,,,,,,,,,-3108,,,,,,,,,,,,,,,,,,,,,,,,,,,,,,,,,,,,,0,0,5.008,0,0,0,0.149,0,0,0,0.348,0,0,0,0.431,0,0,0,0.919,0,0,0,0.398,0,3.97,4.523,5.009,2,2.529,3.146,3.675,2,0.212,0.396,0.593,2,0,0,0.331,0,0,0,0.051,0,0,0,0.122,0,0,0,0.115,0,1.567,1.567,2.245,1,0,0,0.081,0,,,,,,,,,,,,,,,,,,,,,,,,,-2413,,,,,,,,,,,-1270,,,2867,,,,,,,,-3545,-2191,,,,,,,,,,,,,,,,,,,,,,,,,,,,,,,,,,,,,,,,,,-6,,,,,,,,,,-7,,0,0,0.376,0,0,0,0.385,0,0,0,0.821,0,1.336,1.336,1.35,1,0,0,0.128,0,0,0,0.627,0,1.507,1.507,1.85,1,0.333,0.333,0.778,1,0.395,0.395,0.872,1,0.488,0.9,0.908,2,0.763,0.763,1.155,1,0,0,0.63,0,0,0,0.462,0,0.658,2.108,2.117,4,2.054,2.054,2.533,1,768,Prefer not to say,23,"White,Black or African American",Extremely unlikely,Condition 1
2026-02-24 19:44:29,2026-02-24 19:47:40,IP Address,100,190,TRUE,2026-02-24 19:47:41,R_3lcVXxpHxaCm65g,anonymous,EN,1,"Yes, I consent to participating",,,,,,,,,,,,,,,,,,,,,,,,,,,,,,8,,,-14,,12,,,,,,,,,,,,,,,,,,,,,,,,,,,,,,,,,,,,,,,,,,,2,,1,6,,,,,,,,,,,,,,,6,,,,8,3.616,3.616,5.125,1,0,0,5.027,0,0,0,5.121,0,3.29,3.29,5.124,1,2.107,2.107,5.023,1,3.366,3.366,5.027,1,0,0,0.247,0,4.207,4.207,5.025,1,0,0,0.511,0,4.92,4.92,5.014,1,1.876,1.876,3.935,1,0,0,5.009,0,0,0,5.022,0,1.247,3.597,5.128,2,3.547,3.547,5.025,1,,,,,,,,,,,,,,,,,,,,,,,,,,,,,,,,,,,,,,,,,,,,,,,,,,,,,,,,,,,,,,,,,,,,,,,,,,,,,,12,,,,,,-14,,,,,,,,,,,,,,,,,3.651,3.651,5.124,1,0,0,0.394,0,0,0,0.342,0,0,0,3.893,0,0,0,1.776,0,0,0,5.017,0,4.077,4.077,5.022,1,0,0,1.205,0,0,0,0.739,0,0.229,0.229,0.238,1,0,0,0.523,0,0,0,1.809,0,1.045,1.045,5.015,1,0,0,5.012,0,0,0,5.015,0,71,,,,,,,,,,,,,,,,,,,,,,,,,,,,,,,,,,,,,,,,,,,,,,,,,,,,,,,,,,,,,,,,,,,,,,,,,,,,,,,,,,,,,,,,,,7,,,,,,,,,,,0,0,0.34,0,0,0,0.143,0,0,0,0.187,0,0,0,0.679,0,0,0,1.212,0,4.757,4.757,5.018,1,0.376,1.859,1.869,3,0.741,0.741,0.751,1,0,0,0.543,0,0,0,0.807,0,0.278,0.278,0.287,1,0,0,0.165,0,0,0,0.093,0,0,0,0.079,0,0,0,0.342,0,,Female,25,White,Extremely unlikely,Condition 3
2026-02-24 19:51:58,2026-02-24 19:52:08,IP Address,100,9,TRUE,2026-02-24 19:52:09,R_7e4id3CEuZqVDhv,anonymous,EN,1,"No, I do not consent to participating",,,,,,,,,,,,,,,,,,,,,,,,,,,,,,,,,,,,,,,,,,,,,,,,,,,,,,,,,,,,,,,,,,,,,,,,,,,,,,,,,,,,,,,,,,,,,,,,,,,,,,,,,,,,,,,,,,,,,,,,,,,,,,,,,,,,,,,,,,,,,,,,,,,,,,,,,,,,,,,,,,,,,,,,,,,,,,,,,,,,,,,,,,,,,,,,,,,,,,,,,,,,,,,,,,,,,,,,,,,,,,,,,,,,,,,,,,,,,,,,,,,,,,,,,,,,,,,,,,,,,,,,,,,,,,,,,,,,,,,,,,,,,,,,,,,,,,,,,,,,,,,,,,,,,,,,,,,,,,,,,,,,,,,,,,,,,,,,,,,,,,,,,,,,,,,,,,,,,,,,,,,,,,,,,,,,,,,,,,,,,,,,,,,,,,,,,,,,,,,,,,,,,,,,,,,,,,,,,,,,,,,,,,,,,,,,,,,,,,,,,,,,,,,,,,,,,,,,,,,,,,,,,,,,,,,,,,,,,,,,,,,,,,,
2026-02-24 19:52:15,2026-02-24 19:55:30,IP Address,100,194,TRUE,2026-02-24 19:55:31,R_7GcBFaGZdX7qLSx,anonymous,EN,1,"Yes, I consent to participating",,,-9,,17,,,,,,,,,,11,,,,,,,,,,,3,,,-7,8,,,,,,,,,,,,,,,,-19,-11,5,-5,,,,,72,,,,,,,,,,,,,,,,,,,44,,,4,,,,,,,,,,,-6,,,,,,,,,,,,,,1.867,3.249,3.264,2,1.798,2.348,2.365,2,1.355,1.854,1.867,2,1.632,2.231,2.247,2,0,0,5.017,0,0.226,3.727,3.739,3,2.455,2.937,2.947,2,3.034,3.506,3.506,2,1.42,1.938,1.955,2,1.459,1.892,1.906,2,0.948,1.347,1.357,2,2.734,3.75,3.765,2,2.43,3.048,3.06,2,3.298,3.749,3.762,2,2.765,3.132,3.147,2,,,,,,,,,,15,,,,,,,,,,-364,,,,,,,,,,,,,,121,,101,,,-151,,,,,,,,,,,,,,,,,,,,,,,,,,,,2836,,,,,,,,,,,,12,,,,6,,,,,,,,,,,,,,,,12,,2.974,3.558,3.576,2,0.646,1.062,1.075,2,0.142,0.922,0.934,4,0.357,0.357,0.371,1,0.175,0.175,0.189,1,0,0,5.124,0,0,0,5.133,0,3.486,3.902,3.802,2,0.201,3.321,3.327,2,0,0,5.124,0,0.589,2.587,2.603,3,0.333,0.333,5.016,1,0,0,5.125,0,3.612,4.563,4.58,3,2.402,3.223,3.238,2,71,"1,033",,,,,,,,,,,-283,,,2333,,,-1261,,,-4711,,,,-917,,,,,2333,,,,1173,,,,,,,,,,,,,,,,-2621,,,,,,,,"254,003",,,,,"-919,055",,,"255,003",,,,,,,,,,,,,,,7,,,5,,,,,,,6,,,,,,,,,,0.569,1.019,1.04,2,0.423,0.773,0.787,2,0.381,0.78,0.794,2,0.408,0.841,0.858,2,0.75,1.165,1.181,2,1.873,2.356,2.369,2,2.413,2.709,2.709,2,0.576,0.978,0.99,2,0.424,0.859,0.883,2,0.47,0.92,0.938,2,0.414,0.796,0.812,2,0.435,0.834,0.847,2,0.494,0.876,0.892,2,0.516,0.899,0.916,2,0.468,0.867,0.882,2,768,Male,20,White,Extremely unlikely,Condition 2
2026-02-24 20:23:00,2026-02-24 20:27:04,IP Address,100,244,TRUE,2026-02-24 20:27:05,R_5qg8SvRIxZJgwWH,anonymous,EN,1,"Yes, I consent to participating",12,,,,,7,,,,,,,,,,,,,,,,,23,,,,,,,,-12,,-14,,,,,,,,,,,-19,,,,,,,,,,,,,,,,,,,,-77,,,,,36,90,,72,,,,,,,,,,,,-7,,,,,,-9,-5,,,,9,,7,,,,3.061,3.061,4.046,1,1.799,2.802,3.623,2,1.139,1.139,2.152,1,1.525,1.525,2.448,1,1.635,1.635,2.301,1,1.697,1.697,2.421,1,1.598,1.598,2.33,1,2.325,2.325,3.419,1,1.85,1.85,2.719,1,1.561,1.561,2.485,1,1.783,1.783,3.188,1,1.568,1.568,2.597,1,1.95,1.95,2.745,1,3.671,3.671,4.555,1,1.598,1.598,2.434,1,95,125,,,,,,,,,,,,,,,,,,,,,,,,,47,,,,,,,,,,,,,,,,,,,,,,,,,,,,,,,,,,,,,,,,,,,,,,,,,,,,,,,,,-12,,-15,,,,,,,,,,,,,,,0,0,5.011,0,0,0,5.008,0,0,0,5.01,0,0,0,5.01,0,0,0,5.01,0,0,0,5.009,0,0,0,5.108,0,0,0,5.009,0,3.956,3.956,5.011,1,2.669,2.669,3.455,1,0,0,5.009,0,3.626,3.626,4.423,1,2.933,2.933,3.857,1,0,0,5.009,0,2.791,2.791,3.763,1,71,,,,,,,,,,,,,,,,,,,,,,,,,,,,,,,,,,,,,,,,,,,,,,,,,,,,,,,,,,,,,,,,,,,,,,,,,,,,,,,,,,,,,,,,,,,,,,,,,,,,,0,0,5.01,0,0,0,5.008,0,0,0,5.112,0,0,0,5.012,0,0,0,5.109,0,0,0,5.01,0,0,0,5.111,0,0,0,1.591,0,0,0,5.009,0,0,0,5.01,0,0,0,5.108,0,0,0,5.109,0,0,0,5.007,0,0,0,5.009,0,0,0,5.11,0,768,Female,19,Asian,Somewhat unlikely,Condition 2
2026-02-24 20:26:22,2026-02-24 20:30:07,IP Address,100,224,TRUE,2026-02-24 20:30:07,R_1w6VCECh1DxcECO,anonymous,EN,0.8999999761581420,"Yes, I consent to participating",,5,,6,,,-15,,,,,,-8,-6,,,,,,,,,,,,,,,,,,,,,,,20,,,,,,-11,,,,,,,,,,,,,,44,,,,,,-27,,,,,,,,26,,,,,,,,9,,,2,9,,,,,-6,-8,,,,,,,,,,,,3.78,3.78,4.439,1,1.522,1.522,1.948,1,2.229,2.229,2.922,1,1.943,1.943,2.436,1,1.192,1.192,1.567,1,1.661,1.661,2.087,1,1.867,1.867,2.328,1,2.307,2.307,2.667,1,1.445,1.962,1.972,2,1.926,1.926,2.201,1,3.678,3.678,4.2,1,1.822,1.822,2.281,1,2.071,2.071,2.565,1,1.651,1.651,2.362,1,1.388,1.388,1.748,1,,,200,,,,,,,,-64,,,,,,,,,,,-220,,,,,,,,,,,,,,,,238,,,,,,,,,,,,121,,,,,,,,,,,,,,,,,,,4340,,,,,,,7,4,12,,,,,,,,,,,,,,,,,,,,,,,0,0,5.11,0,4.499,4.899,4.908,2,4.053,4.053,4.646,1,2.399,2.399,2.774,1,2.104,2.104,2.582,1,2.657,2.657,3,1,0,0,5.109,0,4.246,4.246,5.008,1,0,0,5.109,0,0,0,5.006,0,0.027,0.027,5.007,1,0,0,5.01,0,0.797,3.881,4.357,2,4.642,4.642,5.008,1,0,0,5.108,0,71,,,,,,,,,535,,,,1429,,,,-1033,,,-3205,,,,,,,224,,,,,,,1183,,,,,,,-1727,,-363,,,,,,,,,,,,,,,,,,,,,,,,,,,"457,104",,,,,,,,,,,,,,,,,-7,,,,,,,,,,8,,,,4.317,4.317,4.827,1,4.153,4.153,4.479,1,4.213,4.213,4.59,1,4.147,4.463,4.924,2,4.433,4.433,4.691,1,3.613,3.613,3.989,1,3.77,3.77,4.147,1,4.112,4.112,4.401,1,0,0,5.009,0,3.229,3.546,3.555,2,4.206,4.206,4.632,1,3.776,3.776,4.153,1,0,0,5.008,0,0.28,0.28,5.01,1,0,0,5.109,0,768,Male,21,White,Somewhat unlikely,Condition 1
2026-02-25 00:02:44,2026-02-25 00:05:37,IP Address,100,172,TRUE,2026-02-25 00:05:38,R_3ysPTYtX1DmfYsh,anonymous,EN,0.800000011920929,"Yes, I consent to participating",,,,,,,,,,-14,,-3,,,,,,,,,,,,2,-10,,,,,,,,,,,,,13,,,,,,,-14,,,,,,,,,,,,,,-30,,-52,,,,-14,,,,,,,,,,80,,,,,,,,,,,9,,,,,,,,,,,,,,,0,0,5.129,0,2.119,2.119,2.699,1,0,0,5.124,0,4.383,4.383,5.022,1,0,0,5.121,0,2.919,3.835,3.848,2,0,0,0.652,0,0.821,0.821,1.318,1,0.798,0.798,1.903,1,2.831,3.595,3.503,2,4.303,4.303,4.984,1,1.54,1.54,1.909,1,1.359,2.542,2.553,2,1.452,1.452,1.895,1,2.061,3.177,3.638,2,,,,,200,,263,,,,,,,,,147,,,-200,,,,,,,,,,,-164,,,,,,,,,,194,,29,,,,,158,,,,,,,,,,,,840,,,,-1424,-3018,,,,,,,,10768,,,,,,,,,16,,,,,,,,,,,,16,,,,,,,,2.952,2.952,5.018,1,0.33,0.33,0.618,1,0.549,0.549,0.822,1,1.053,1.468,3.65,2,0.622,0.622,1.216,1,0.685,0.685,1.182,1,0.402,0.402,0.864,1,1.019,1.019,1.439,1,0.276,0.592,0.5,2,0.272,0.272,0.667,1,0.388,0.388,0.801,1,0.723,0.723,1.285,1,1.68,1.68,2.109,1,0,0,5.124,0,1.05,1.05,1.707,1,71,,,,,,,,,,,776,,,,,,,-1281,,-3225,,,-2983,,,,,,,,,-1429,,,,,,,,,,,,,1747,,,,,,,,,,,,,,,,,,,,,,,,,,,"438,048","-189,256",,,3,,,,6,9,,,,7,,7,,,,,,,,,,,,,5,0.216,0.216,0.561,1,0.409,0.409,0.701,1,0.396,0.396,0.847,1,0,0,8.962,0,0.708,4.87,5.012,3,0.577,0.577,0.99,1,0.505,0.888,1.651,2,0.89,0.89,1.13,1,0.344,0.344,0.687,1,0.373,0.373,0.744,1,0.246,0.246,0.657,1,0.369,0.369,0.747,1,0.16,0.16,0.587,1,0.595,0.595,0.973,1,0.666,0.666,0.939,1,231,Male,21,Other,Extremely unlikely,Condition 2
2026-02-25 00:06:52,2026-02-25 00:10:59,IP Address,100,246,TRUE,2026-02-25 00:11:00,R_7I5ue5iTiraDY6B,anonymous,EN,0.800000011920929,"Yes, I consent to participating",12,,,,,,,,,,,-3,,,11,-6,,,19,,,3,,,,3,,,,,,,,,,13,,,,,,,-11,,,,,,,,24,,,,,,44,,-30,,,,-27,,,,,,,,,,,,,,,,,1,,,,,,,,,,,,8,,,,,,,,,3.892,3.892,4.518,1,4.718,4.718,5.008,1,4.4,4.4,5.009,1,1.408,1.408,5.008,1,1.976,1.976,2.635,1,1.664,1.664,5.007,1,2.593,2.593,5.009,1,2.741,2.741,5.108,1,1.397,1.397,5.007,1,3.001,3.001,5.008,1,1.518,1.518,5.009,1,1.223,1.223,2.465,1,1.332,1.332,1.958,1,1.145,1.145,1.772,1,1.106,1.106,1.683,1,,,,,,,,,,,,,,,,,,,,,,,,,,,,,,,,,,,,,,,,,,,,,,,,,,,,,,,,,,,,,-1484,,,,,-7512,,,,,,,,,,,,,,9,,,,,,,,,,,,,,-15,14,,,9,,,0,0,5.109,0,3.588,3.588,5.108,1,0,0,5.009,0,3.383,3.383,5.009,1,4.55,4.55,5.008,1,0,0,5.009,0,0,0,5.01,0,2.763,2.763,5.01,1,0,0,5.009,0,0,0,5.109,0,0,0,5.009,0,0,0,5.008,0,0,0,5.015,0,4.859,4.859,5.105,1,4.051,4.592,5.009,2,71,,"1,261",,,,,,,535,-224,,,1429,,,,,,,,,,,-2423,,,,,1409,,,,,,,,,,,,-1727,,,,,,,,,,,"342,576",,"455,104",,"438,048",,,"-69,660",,,,,,,,,,,,"-918,055",,,,,,,2,,,,,,,,,,,,,,6,,,,,,,,,3.759,3.759,5.008,1,0.161,1.51,2.32,2,0,0,5.007,0,2.432,2.432,5.008,1,3.208,3.208,5.008,1,4.128,4.128,5.008,1,2.922,2.922,3.396,1,2.724,2.724,3.268,1,4.248,4.248,4.819,1,0.181,0.181,2.542,1,3.956,3.956,5.009,1,2.857,2.857,5.01,1,3.922,3.922,5.008,1,3.309,3.309,5.008,1,2.205,2.205,5.01,1,768,Female,23,Asian,Extremely unlikely,Condition 3
2026-02-24 18:02:55,2026-02-25 00:58:07,IP Address,100,24912,TRUE,2026-02-25 00:58:08,R_3oReS3LBr3MoTdh,anonymous,EN,1,"Yes, I consent to participating",,5,,,,,,,,,,,,,,,,,,,-10,,,,,,,,,,,,-14,,12,,20,,,,,,,,,,,,,,,84,45,,,,,63,,,,,,,,,,,,,,,,21,,,,,,,,,,,,,-8,,,,-5,,,,,,,,9,,1.964,1.964,4.664,1,0,0,5.029,0,2.413,2.413,3.967,1,4.119,4.119,5.011,1,1.946,1.946,3.934,1,3.37,3.37,5.118,1,0,0,5.015,0,3.589,4.57,5.018,2,2.901,2.901,5.128,1,4.044,4.044,5.014,1,0.268,4.168,5.019,3,3.501,3.501,4.81,1,1.657,1.657,2.406,1,0,0,5.029,0,0.301,0.301,5.125,1,,,,,,,,,,,,,,,,,,,,,,,,,,,,,,,,,,,,,,,,,,,,,,,,,,,,,,7560,,,,,,,,,,,-2690,-7412,,2438,,,,,,,,,,12,,,,12,,,-14,,,,,,,,16,,,,,,,10,0,0,0.236,0,3.758,3.758,5.012,1,4.818,4.818,5.121,1,2.873,2.873,5.008,1,5.11,5.11,5.128,1,0.457,0.457,5.019,1,0,0,0.323,0,2.768,5.035,5.125,2,1.84,1.84,4.131,1,0,0,5.012,0,4.388,4.388,5.117,1,5.089,5.089,5.122,1,0,0,5.018,0,0,0,5.011,0,4.178,4.178,5.026,1,71,,,"1,613",,"4,701",,,,,,,,,,,,,,,,,,,,,,,766,,2343,-2191,,,,,,,,,,,-333,,,,,,,,,,,"371,320",,,,,,,,,,,,,,,,,,,,,,,,,,5,,,,,-5,,,,,,,,,,,6,,,,,,0.287,0.287,5.014,1,4.988,4.988,5.124,1,0.23,3.373,5.013,2,0,0,5.123,0,2.993,2.993,5.126,1,3.494,3.494,5.125,1,4.127,4.127,5.01,1,4.607,4.607,5.126,1,0.463,4.877,5.025,2,0,0,5.127,0,0.368,4.494,5.019,2,0,0,5.039,0,0,0,5.024,0,4.705,4.705,5.02,1,4.379,4.379,5.016,1,768,Female,20,Asian,Extremely unlikely,Condition 1
2026-02-25 14:11:57,2026-02-25 14:15:54,IP Address,100,236,TRUE,2026-02-25 14:15:54,R_1pMTbc8Or6OVPcn,anonymous,EN,0.8999999761581420,"Yes, I consent to participating",,,,6,,,,10,,,,,,,,,,,,,,,,,,,,,,,-12,,,12,,,,,,,,,,-19,-14,,,5,,,,,,72,,48,,,,,-52,,,,,,,,,,,,,,,,,,,,,2,,,,,,-6,,-9,,,,,9,6,,,,,2.522,2.522,3.438,1,3.211,3.211,5.104,1,1.925,1.925,3.041,1,1.204,1.204,1.958,1,1.468,1.468,4.086,1,1.666,1.666,2.783,1,1.622,1.622,2.485,1,1.357,1.357,2.456,1,1.78,1.78,3.242,1,2.097,2.097,2.815,1,1.23,1.23,2.027,1,1.186,1.186,1.747,1,1.795,1.795,2.33,1,1.04,1.04,1.585,1,1.318,1.318,1.932,1,,,,363,,,,,,,,,,,,,,,,,,,-262,,,,37,,,,,,92,,,,,,,184,,,,,,,,,,,,,,,,,,,,,,,,,,,,,,,,,,,,,,,,,,,,,,-13,,,,,,,,,,,,,,-12,3.961,3.961,5.013,1,3.644,3.644,5.113,1,4.237,4.237,5.013,1,0,0,5.012,0,3.468,3.468,5.013,1,0,0,5.013,0,4.826,4.826,5.108,1,0,0,5.012,0,3.221,3.221,4.242,1,0,0,5.014,0,0,0,5.012,0,4.438,4.438,5.114,1,0,0,5.015,0,0,0,5.112,0,4.741,4.741,5.008,1,71,,,,,,,,,,,,,,,,,,,,,,,,,,,,,,,,,,,,,,,,,,,,,,,,,,,,,,,,,,,,,,,,,,,,,,,,,,,,,,,,,,3,,,,,,,,,,,,,,,8,6,7,,4.232,4.232,5.016,1,0,0,5.112,0,0,0,5.013,0,0,0,5.113,0,2.105,2.105,2.636,1,0,0,0.624,0,0,0,1.101,0,3.342,3.342,5.015,1,1.089,1.089,5.013,1,0,0,5.012,0,1.177,1.177,3.992,1,0,0,5.005,0,0,0,3.492,0,3.326,3.326,5.015,1,0,0,5.013,0,768,Female,19,Asian,Neither likely nor unlikely,Condition 2
2026-02-25 18:50:06,2026-02-25 18:54:29,IP Address,100,263,TRUE,2026-02-25 18:54:30,R_6pX0QgHigSnVTK1,anonymous,EN,1,"Yes, I consent to participating",,,,,,,,,-7,-14,,,,,,,,,,,,,23,,,,3,,,,,-3,,,,,,13,,,,,,,,-19,-11,,,,,,,,,,,,,,,-30,,,,,,,,,,72,,,80,,7,,,,,,,,,-3,,,,,,,7,,,,,,,,3.454,3.454,4.399,1,5.061,5.061,5.11,1,0,0,5.012,0,3.067,3.067,3.88,1,2.75,3.282,3.696,2,4.459,4.459,4.939,1,4.071,4.071,4.584,1,3.778,3.778,4.193,1,3.296,3.296,3.725,1,2.531,2.531,3.03,1,2.456,2.456,2.985,1,4.486,4.486,4.864,1,4.274,4.757,5.01,2,3.663,3.663,3.994,1,3.19,3.87,3.885,2,,,,,,,,,,,,,,,,,,,,,,,,,,,,,,,,,,,,,,,,,,,,,,,,,,,,,,,2403,,4088,,,-2914,,,,,,,,,,,,,,,,9,,,,,15,,6,,,,,,,,,,,,,,9,,,,0,0,5.012,0,0,0,5.012,0,0,0,5.015,0,3.379,3.379,3.894,1,2.724,2.724,3.087,1,4.97,4.97,5.01,1,0,0,5.012,0,3.364,3.364,3.762,1,3.901,4.284,4.298,2,2.341,2.341,4.201,1,0,0,5.011,0,4.603,4.603,4.986,1,2.922,2.922,4.25,1,0,0,5.11,0,0,0,5.011,0,71,,,,,,,,,,,,,,,,,,,-1623,,,,,,,,,,,,,,,,,,,,,,,,-343,-877,,,2191,,,,,"341,576",,,,,,,,,,,,,,,,"341,576",,,,,,"255,003",,,,,,,,,,,,,,,,,,,7,,,,,7,,,0,0,5.012,0,4.735,4.735,5.012,1,3.182,3.182,3.812,1,3.613,3.613,4.125,1,4.886,4.886,5.112,1,0,0,0.412,0,0,0,5.011,0,0,0,0.954,0,0,0,5.014,0,2.883,2.883,3.912,1,4.335,4.335,4.649,1,0,0,5.011,0,3.922,3.922,4.301,1,3.528,3.528,3.994,1,2.912,2.912,3.36,1,768,Female,20,Asian,Neither likely nor unlikely,Condition 1
2026-02-24 18:50:36,2026-02-25 20:11:07,IP Address,100,91230,TRUE,2026-02-25 20:11:07,R_1dnenijENBDWyco,anonymous,EN,1,"Yes, I consent to participating",,,,,,,,10,,,,,-8,,,,,-6,,,,,,,,,,-5,,,,,,12,,,,,,,,-10,,,,,-11,,,,,,,,,,,,,,-52,,,-77,-48,,,,,,,,44,,,,,2,,,,,,,,,,,-8,,,,,,,,,,,,0,0,5.012,0,4.316,4.999,5.016,2,3.167,3.167,3.667,1,1.05,1.05,1.599,1,1.734,1.734,2.102,1,1.315,2.196,2.76,3,3.653,3.653,4.288,1,2.601,2.601,3.133,1,1.344,1.344,1.866,1,1.379,1.379,1.893,1,1.499,1.499,1.901,1,1.445,1.445,1.939,1,2.821,2.821,3.285,1,0,0,5.132,0,2.225,2.704,3.371,2,,125,,,,322,,,45,,,59,,,,,,,-190,,,,,,-237,,,,,,89,,,,,101,,,,,,,,,,,,-37,,,,,,,,4372,,,,,,,,,,,,,,,,,,"2,403",,,4,,,,,,,,,,,,,-6,-17,,,,,,,,,,2.397,2.397,3.446,1,2.889,2.889,3.41,1,1.229,1.229,1.754,1,4.769,4.769,5.016,1,0,0,0.232,0,4.67,4.67,5.029,1,2.819,4.472,4.886,4,1.817,1.817,2.381,1,2.695,3.229,3.245,2,3.409,3.409,4.161,1,1.307,3.946,5.127,4,3.608,4.705,5.027,2,3.003,3.952,4.31,2,3.278,3.278,3.793,1,2.504,4.041,4.058,3,71,"1,033",,,,,,"3,003",,,,,,,,,801,,,,-3235,,,-3013,,,,,766,,,,,,,,,,2897,,,,,,-877,,,,,,,,,,,,,"186,256",,,,,,"-920,055",,,"-255,003","68,660",,,,,,"188,256",,,,,,,,,,,,,5,,-8,,,,,,,,,,,,,1.41,1.41,2.026,1,2.472,2.472,2.987,1,2.212,2.212,2.977,1,1.702,1.702,2.806,1,3.585,3.585,4.006,1,2.871,2.871,3.371,1,2.232,2.232,2.735,1,1.046,1.046,1.457,1,2.248,2.248,2.61,1,2.411,2.411,2.936,1,2.197,2.197,2.703,1,4.626,4.626,5.042,1,2.6,4.332,4.607,4,3.49,3.49,4.32,1,3.565,4.034,4.05,2,768,Female,20,Asian,Extremely unlikely,Condition 3
2026-02-25 20:07:36,2026-02-25 20:11:12,IP Address,100,216,TRUE,2026-02-25 20:11:12,R_7DB7L0ZUyRN3NbU,anonymous,EN,1,"Yes, I consent to participating",,,-9,,,,,,,,24,,-8,,,,,,,7,,,,2,,,,,,8,,,,,,,,,19,,-13,,,,,,,,,,,,,,,,,,,,,,,,-48,,,,36,,,,,,,,,,8,,,,,,-8,,,,,,,,,,,,,7,,,1.868,2.434,2.448,2,0,0,5.022,0,2.262,3.013,3.027,2,1.807,3.245,3.26,3,2.164,2.748,2.762,2,2.087,2.753,2.767,2,1.504,3.987,3.999,4,2.557,2.557,5.033,1,0.121,0.121,0.136,1,2.006,2.572,2.587,2,1.331,2.248,2.263,3,2.062,2.995,3.01,3,3.003,3.587,3.601,2,1.691,2.211,2.211,2,1.306,2.127,2.141,2,,,190,,,,,,-45,,,,,,,,,,,,-223,,,,,47,,,,,,,,,,,-199,218,-151,,,,,,-116,,,,,,,2746,,,,,,,,,,,,,,,,,,,,,,,,,,,14,,,,,,,,-14,,,,-15,14,,,12,12,,,,,4.831,4.831,5.015,1,3.354,4.304,4.208,2,2.878,3.428,3.443,2,1.902,3.502,3.517,3,2.86,4.827,5.029,2,2.625,2.625,5.027,1,2.751,3.667,3.678,2,4.444,5.044,5.057,2,3.187,3.887,3.902,2,2.342,3.092,3.106,2,3.847,4.83,5.023,2,2.919,4.686,4.699,4,2.193,2.83,2.845,2,2.1,2.667,2.682,2,3.669,3.669,5.019,1,71,,,,,,,,,,,,,1409,,,,,-1261,,,,-4123,,,,,234,,,,,,,,,,-1577,,-2220,,,,,,,,,-1765,,,,,,"457,104",920055,,,,"-68,660",,,,,,"-189,256",,,,"373,320","457,104",,,,,,,2,,,,,,,,,,,,,,,6,,,,,,,,,3.709,3.709,5.018,1,1.273,1.388,1.401,2,0.724,0.974,0.988,2,1.285,1.518,1.532,2,1.02,1.369,1.383,2,0.918,1.317,1.331,2,1.346,2.062,2.077,2,1.501,2.584,2.599,3,1.962,2.833,2.845,2,1.707,2.435,2.45,2,3.122,4.655,5.127,2,2.647,3.381,3.395,2,3.463,3.862,3.876,2,2.202,2.803,2.817,2,2.798,3.314,3.329,2,768,Female,19,"White,Asian",Extremely unlikely,Condition 3
2026-02-25 20:41:13,2026-02-25 20:45:43,IP Address,100,269,TRUE,2026-02-25 20:45:43,R_1fDlAP4p1PBy0Oc,anonymous,EN,1,"Yes, I consent to participating",,,,,,,,,-8,,,-3,,,,,,,19,,,,,,,,,,,,,,,-2,,,,,,-5,,,,,,,,,,,,,,,,,,-63,,,,,,,,-48,,,,,,,,,,,,,,,,,,,,,,,,,,,,,,,,,,8,0,0,5.126,0,5.008,5.008,5.012,1,0.361,4.563,5.019,2,0,0,5.023,0,0,0,5.127,0,3.486,3.486,5.124,1,4.301,4.952,4.965,2,3.418,4.116,4.127,2,0,0,5.028,0,0,0,5.029,0,3.507,3.507,5.014,1,4.332,4.332,5.12,1,0.785,0.785,0.791,1,3.999,4.831,5.133,2,3.828,4.726,4.742,2,,,,,,,233,,,-25,-64,,-181,,-56,,,,-190,,,,,,,,,,,,,,,,,91,,,,,,,,,,,,,,,,,,,,,,,840,,,,,,,,,,4340,,1102,,,,,,,,,,,,,,,,,,,,,,,,,,,,14,,3.205,4.405,5.019,2,1.211,1.848,1.855,2,0.867,1.437,1.456,2,0.751,1.252,1.267,2,1.705,2.405,2.421,2,2.546,3.098,3.11,2,0.082,2.532,2.543,3,0,0,5.027,0,2.006,2.484,2.491,2,3.89,4.875,4.881,2,0.146,4.444,4.458,3,0,0,5.027,0,0,0,5.021,0,0,0,5.023,0,4.786,4.786,5.02,1,71,,,,,,,,,,,,,,,,,,,,,,,,,,525,,,,,-2181,,,,-1270,1750,,,,4017,-1727,333,,,,-3545,,,,,,,"371,320",,,"437,048",,"254,003",,,"-372,320",,,,,,,,,,,,,"256,003",,,,,,,,,4,,,,,,,,,,,,,,,,,,0.645,1.179,1.184,2,0.883,1.531,1.549,2,0.469,1.553,1.564,2,0.462,0.928,0.938,2,0.616,1.143,1.157,2,1.687,2.099,2.108,2,2.906,3.318,3.327,2,0.305,0.305,0.319,1,0.728,1.218,1.224,2,0.805,1.256,1.268,2,0.483,0.939,0.945,2,0.542,1.609,1.618,2,0.689,1.19,1.198,2,0.6,1.001,1.001,2,0.576,1.181,1.188,2,768,Female,22,Black or African American,Neither likely nor unlikely,Condition 1
2026-02-25 20:40:42,2026-02-25 20:46:23,IP Address,100,340,TRUE,2026-02-25 20:46:24,R_6QFdKIp2aM8JHZx,anonymous,EN,1,"Yes, I consent to participating",,,,,,,-15,,,,,,,,,,-9,,,,,,,,,,,-5,,,,,,,,13,,,,9,,-10,,,,,,,,,,,45,,70,,,,,,,,,,,-48,,,,,,,,,,4,,,,,6,,,,,-3,,,,,-5,8,,,,,7,,,,3.985,3.985,5.011,1,3.57,3.57,5.029,1,3.359,3.359,5.128,1,4.879,4.879,5.028,1,0.17,4.953,5.022,6,3.551,3.551,5.025,1,1.832,1.832,4.248,1,1.62,1.62,2.311,1,3.056,3.056,3.819,1,2.189,2.189,3.003,1,3.102,3.102,3.651,1,1.63,1.63,2.38,1,2.671,2.671,3.355,1,2.416,2.416,2.936,1,3.711,3.711,4.254,1,105,,,,210,,,,,,,,,,,,,,,,,,,,,,,,,,,,,,,,,,,,,,,,,75,,,,,,,,,,,,,,,,,,,,,,,,,,,,,,,,,,,,,,,-16,,,9,,,,,,,,,,,,,0,0,5.015,0,4.259,4.259,5.035,1,0,0,5.031,0,4.831,4.831,5.028,1,3.45,3.45,5.02,1,0.145,3.243,5.134,2,4.947,4.947,5.134,1,0,0,5.014,0,0,0,5.125,0,0,0,5.133,0,0,0,5.03,0,0,0,5.028,0,0,0,5.029,0,0,0,5.127,0,0,0,5.033,0,71,,,,,"4,681",,,,,224,,293,,,,,,,,,,,,,,,,,,,,,,,,,,,,,,,,,,,,,,,"68,660",,,,,,,,,,,,,,,,,,,,,,,,"310,236",3,,,,,,,,,,,,,,-7,-6,,,,,,,,,,0,0,5.133,0,0,0,5.13,0,3.181,3.181,5.029,1,0,0,5.015,0,2.148,2.63,5.13,2,3.748,3.748,5.031,1,0,0,5.027,0,3.795,3.795,5.031,1,4.642,4.642,5.033,1,4.282,4.282,5.125,1,2.65,2.65,5.02,1,4.098,4.098,5.017,1,0,0,5.033,0,0,0,5.022,0,0,0,5.016,0,768,Female,21,Black or African American,Neither likely nor unlikely,Condition 2
2026-02-25 20:54:01,2026-02-25 20:55:47,IP Address,100,106,TRUE,2026-02-25 20:55:48,R_6xJ2rV2b6tQCR8g,anonymous,EN,1,"Yes, I consent to participating",,,,,,,,,,,,,-8,,,,,,,,,,,,,,,,,,,,,,,,,,,,,,,,,,,,,,,,,,,,,,,,,,,,,,,,,,,,,,,,,,,,,,,,,,,,-6,,,,,,,,,,,,0,0,5.012,0,4.657,4.657,5.006,1,3.846,4.399,4.853,2,0,0,0.634,0,0,0,0.602,0,0,0,0.193,0,0,0,0.222,0,0,0,0.254,0,0,0,0.188,0,0,0,0.393,0,0,0,0.2,0,0,0,0.1,0,0,0,0.275,0,0,0,1.449,0,0,0,0.134,0,,,,,,,,,,,,,,,,,,,,,,,,,,,,,,,,,,,,,,,,,,,,,,,,,,,,,,,,,,,,,,,,,,,,,,,,,,,,,,,,,,,,,,,,,,,,,,,,,,,,,0,0,0.221,0,0,0,1.783,0,0,0,0.572,0,0,0,0.685,0,0.166,0.166,0.184,1,0,0,4.434,0,0,0,0.441,0,0,0,0.797,0,0,0,0.498,0,0,0,0.089,0,0,0,0.648,0,0,0,0.239,0,0,0,0.223,0,0,0,0.559,0,0,0,0.301,0,,,,,,,,,,,,,,,,,,,,,,,,,,,,,,,,,,,,,,,,,,,,,,,,,,,,,,,,,,,,,,,,,,,,,,,,,,,,,,,,,,,,,,,,,,,,,,,,,,,,,,0,0,0.36,0,0,0,0.518,0,0,0,0.597,0,0,0,3.138,0,0,0,0.457,0,0,0,0.598,0,0,0,0.792,0,0,0,0.24,0,0,0,0.266,0,0,0,0.224,0,0,0,0.263,0,0,0,0.1,0,0,0,0.166,0,0,0,1.239,0,0,0,0.421,0,,Prefer not to say,27,White,Extremely unlikely,Condition 3
2026-02-25 20:56:54,2026-02-25 20:59:58,IP Address,100,183,TRUE,2026-02-25 20:59:58,R_1X8I8fz5zl1VbDb,anonymous,EN,1,"Yes, I consent to participating",,,,,,,,,,,,,,-6,,,,,,,,,,,,,,,,8,,,,,,,,,,,,,,,,,,,,,,,,,70,48,44,,-30,,,,,-77,,,,,,,,,44,,80,,,,9,1,,,,-7,,,,,,,,,,,,,,,,,4.305,4.972,5.123,2,4.285,4.285,5.121,1,0,0,5.019,0,4.111,4.111,5.022,1,2.64,2.64,3.283,1,3.437,3.437,3.935,1,1.571,2.254,3.466,2,3.26,3.26,5.029,1,0,0,5.02,0,2.184,3.965,4.762,3,4.293,4.293,4.752,1,1.841,1.841,5.12,1,0,0,5.02,0,1.339,1.339,1.998,1,2.736,4.3,5.022,3,,,,,,,,,,,,-49,,,,,,,,,,-200,-252,,,,,,,,,-85,,,,,,,-141,,,,,,,,,,,,,,,,,4352,,,,,,,,,,,,,,,,,,,,,,,,,,,,,,,,,,,,,,,,,,,,,0,0,0.2,0,0,0,1.504,0,0,0,0.301,0,0,0,0.409,0,0,0,0.734,0,0,0,0.115,0,0.589,1.605,5.122,2,0,0,5.125,0,0.552,0.552,1.098,1,0.24,0.754,2.019,2,0,0,0.087,0,1.411,1.411,1.889,1,0.541,3.97,4.309,2,0,0,5.13,0,3.992,4.49,5.03,2,71,,,,,,,,,,,,,,,,801,,,,,,,-3013,,,,,,,,,,,,,,,,,4007,,,,,,,,,,-2601,,,"371,320",,,"436,048",,,,,,"457,104",,,,,,,"373,320",,,,,,,,,,,,,,,,,,,,,,,,,,,,,,,,0,0,5.014,0,0.465,0.465,1.103,1,0.459,0.459,0.938,1,0.656,1.055,1.685,2,0.501,0.501,0.997,1,0.468,0.935,1.442,2,0.843,0.843,1.205,1,1.131,1.131,1.411,1,0,0,0.392,0,0,0,0.464,0,0.491,0.491,0.401,1,0,0,0.495,0,0,0,0.653,0,0,0,0.473,0,3.162,4.129,5.02,3,768,Female,21,Black or African American,Extremely unlikely,Condition 1
2026-02-25 20:55:46,2026-02-25 21:00:37,IP Address,100,290,TRUE,2026-02-25 21:00:37,R_1R2c7ERjUYunpdT,anonymous,EN,1,"Yes, I consent to participating",,,,,,,,,,,,,,,,,,,,,,,,,,,,,,,,,14,,,,,,,,,2,,,4,,,,,,,,,,,,,,,-56,52,,,,,,,,,,15,,,,,,,,,,,,,,,,,,,,,,,4,,,,,9,,0,0,5.013,0,0,0,5.007,0,0.11,0.11,5.012,1,0,0,5.01,0,0,0,5.11,0,0,0,5.01,0,0.517,3.827,5.111,3,0.14,0.14,5.012,1,0,0,5.013,0,2.911,2.911,5.01,1,4.102,4.102,5.11,1,2.385,2.385,5.011,1,2.881,3.181,5.011,2,4.458,4.458,5.011,1,2.521,2.521,5.012,1,,,,,,,,,,,,,,,,-147,,,,,,,,-286,,,,,,,,,,111,,,,,,,,,,,,,168,,,121,864,,2686,,,,4018,,,,,,,,,,,,,,,10868,,,"6,436",,,,,,,,,,,,,,,,,,,,,,,,,,3.083,3.083,5.012,1,0,0,0.18,0,0.956,4.409,5.01,3,2.51,3.344,5.005,3,0.519,0.519,5.009,1,2.019,4.966,4.975,2,1.475,1.475,5.01,1,0,0,5.008,0,0,0,5.01,0,2.598,2.598,5.011,1,0,0,5.01,0,1.217,2.742,5.011,2,0,0,5.012,0,3.855,3.855,5.012,1,1.364,1.364,5.112,1,71,"1,023",,,,,,,,,,,-283,,-328,,,-1023,-1251,,,,,,,,,,,,,,,,,,,,,,,,,-363,,,,,-1745,-1459,,,,,,,,,,,"342,576","373,320",,,,,,,,,,,,,,,4,,,,,,,4,5,,,,,-6,,,,,,,,,,,,0.338,0.338,1.1,1,0.425,1.085,1.682,2,0.114,0.114,0.729,1,0.534,1.117,1.129,2,0.65,0.65,1.208,1,0.458,0.939,0.952,2,0.953,1.354,2.233,2,0,0,0.311,0,1.112,1.112,5.012,1,2.536,2.536,3.585,1,1.612,2.87,4.334,2,0.952,0.952,2.581,1,1.39,1.39,2.236,1,2.35,4.017,5.01,2,0.982,0.982,3.445,1,513,Female,21,Black or African American,Somewhat unlikely,Condition 2
2026-02-25 20:59:29,2026-02-25 21:04:42,IP Address,100,312,TRUE,2026-02-25 21:04:43,R_7fAVWrJntwJBQiA,anonymous,EN,1,"Yes, I consent to participating",,,-9,,,,,,,,,,,,11,,,,,,,,,,,,,,-7,,,,,,,,,13,,,,,,-19,,,,-5,,,,,,,,,,,,,,-30,-27,,,,,,,,,,,,,,,,,,,,9,,-8,,,,,,,,,,,,,7,,,0,0,5.012,0,0,0,5.012,0,0.343,2.295,5.013,3,0,0,5.111,0,0.075,4.461,5.012,2,3.832,4.649,5.111,2,3.539,3.539,5.013,1,3.588,3.588,5.011,1,0,0,5.012,0,2.655,2.655,5.012,1,3.145,3.145,5.111,1,4.267,4.267,5.01,1,4.091,4.091,5.012,1,2.543,2.543,5.013,1,4.369,4.369,5.012,1,,,,,,,,,,,,,,,,,,,,,,,,,,,,,,,,,,,,,,,,,,,,,,,,,,,,,,,,,,,,,,,,,,,,,,,,,,,,,,12,,,15,,,,,,,,,,,,,,,,,,,,0,0,5.014,0,0,0,5.011,0,0,0,5.011,0,0,0,5.012,0,0,0,5.012,0,0,0,5.015,0,0,0,5.111,0,0,0,5.009,0,0,0,5.012,0,0,0,5.012,0,0,0,5.012,0,3.408,3.408,5.012,1,0,0,5.012,0,2.818,2.818,5.112,1,0,0,5.011,0,71,,,,,,,,,,,,,,,,,,,,,,,,,,,,,,,,,,,,,,,,,,,,,,,,,,,,,,,,,,,,,,,,,,,,,,,,,,,,,,,4,,,3,,,,-5,,,,,,,,,,,,,,,2.284,2.284,5.012,1,0,0,5.01,0,0,0,5.012,0,0,0,5.009,0,0,0,5.011,0,0,0,5.011,0,4.918,4.918,5.009,1,0,0,5.011,0,0,0,5.012,0,3.48,4.864,5.007,3,0,0,5.112,0,0,0,5.111,0,0,0,5.011,0,0,0,5.111,0,0,0,5.014,0,768,Female,21,Black or African American,Extremely unlikely,Condition 3
2026-02-25 21:04:57,2026-02-25 21:08:44,IP Address,100,227,TRUE,2026-02-25 21:08:45,R_5MDlUs5TZWRPcOd,anonymous,EN,1,"Yes, I consent to participating",,,,,17,7,,,,,,,,,,,,,,,,,23,,,,,,,,,-3,-14,12,,,20,13,,,,,,,,,,,,,,,,,,,,,,,,,,,,,,,,,,,,,80,,,2,,,,,,,,,,,,,,8,,,,,,,5,,3.017,3.984,3.995,2,3.903,4.582,4.589,2,0,0,5.012,0,2.913,3.497,3.509,2,4.965,4.965,5.122,1,0.253,0.253,0.269,1,0,0,5.028,0,3.298,3.746,3.757,2,3.653,4.064,5.035,2,2.532,3.114,3.13,2,2.735,3.217,3.225,2,3.108,3.787,3.796,2,2.698,3.198,3.21,2,4.6,4.6,5.019,1,2.922,3.57,3.583,2,,,,353,,,,,,,,,,,,,,,,,,,,,,,,,,,,,,,,,,,,,,,,,,,,,,,,2726,2646,,,,,,,,,,,,,,2736,,,,,10768,,,,,3,,,8,,,,,-16,,,,,,,,,,,,,,,,0,0,5.131,0,1.049,1.41,1.41,2,0.659,0.976,0.983,2,4.122,4.555,4.565,2,0,0,13.306,0,1.403,1.968,1.983,2,0,0,5.026,0,0,0,5.022,0,3.971,4.438,4.456,2,1.924,2.523,2.529,2,2.107,2.707,2.836,2,4.6,4.6,5.017,1,0,0,5.025,0,0.25,0.25,0.265,1,0,0,5.029,0,71,,"1,281",,,,,,,535,,,,,,,,,,,-3205,,,,,-917,,,,1409,2353,,,,,,,,,-2240,,,,,,,-3565,,,,,,,,,,,"189,256",,,,,,,,"-188,256",,,,,,,,,,,,,,,,,,,,,,,,,,,,,,-6,-7,,,,-6,0.642,1.061,1.072,2,0,0,5.13,0,0.673,1.016,1.029,2,0.453,0.684,0.695,2,0.532,0.815,0.826,2,0.638,0.638,0.655,1,0.743,2.103,2.103,3,0.517,0.866,0.882,2,0.587,1.064,1.082,2,0.822,1.598,1.613,2,0.486,1.053,1.064,2,0.579,0.879,0.892,2,0.608,1.039,1.051,2,0.977,1.458,1.47,2,0.498,0.846,0.86,2,249,Male,21,White,Somewhat unlikely,Condition 1
2026-02-25 21:05:31,2026-02-25 21:08:57,IP Address,100,206,TRUE,2026-02-25 21:08:57,R_11d3m2GJE9d1CSt,anonymous,EN,1,"Yes, I consent to participating",,5,-9,,,,,,,,,,,,11,,,,,,-10,3,,,,,3,,,,,,,,12,,,,,,13,,,,-14,,,,5,,,,,,,,,,,-56,,,,-77,-48,,,,,,,,,,,,,,,1,,,,,-8,,,,,,,,,,,,,,,,3.228,3.228,4.237,1,1.477,1.477,2.196,1,1.987,1.987,5.11,1,3.581,3.581,4.241,1,1.437,1.437,2.134,1,2.475,3.194,3.736,2,1.111,1.111,1.536,1,1.972,1.972,2.4,1,1.373,1.373,1.863,1,1.194,1.194,1.669,1,5,5,5.109,1,4.226,4.226,5.005,1,2.285,2.285,2.777,1,2.526,2.526,3.219,1,3.616,3.616,4.766,1,,,200,,,,,,,,,,,,,,,,,,,,,,,,37,,,,89,,,,,,-199,,,,,,,,,,,,,,,,,,2393,,,,,,,,,,,,,-2418,,,,,,,,,,12,12,,,,6,,,,,,,,,,,,,,,,,,0,0,5.014,0,4.866,4.866,5.108,1,0,0,5.013,0,4.597,4.597,5.005,1,0,0,5.011,0,1.22,1.22,1.653,1,0,0,5.012,0,0,0,5.013,0,3.45,3.45,3.913,1,1.981,1.981,2.393,1,4.885,4.885,5.012,1,4.026,4.026,4.479,1,0,0,5.012,0,1.392,1.392,1.887,1,3.569,3.569,4.02,1,71,,,,,,,,,,-214,776,,,,,,,,-1613,,,-4093,,,,,,,,,,-1449,3565,,,,,,,,,,,,,,,,,,,,,,918055,,,,,,,,,,,,,,,"-457,104",,"-438,048","-188,256",,,,,,,,9,,,,6,,,-7,,,-6,,,,,,,,-8,,4.379,4.379,4.815,1,1.659,1.659,1.89,1,0.418,2.056,2.614,3,0.363,0.363,0.612,1,0.286,0.286,0.474,1,0.4,0.4,0.609,1,0.732,0.732,0.942,1,0.594,0.594,0.801,1,0.347,0.347,0.661,1,0.428,0.428,0.6,1,0.548,0.548,0.794,1,1.246,1.246,1.576,1,2.74,2.74,3.015,1,2.365,2.365,3.77,1,4.883,4.883,5.106,1,768,Male,23,Black or African American,Extremely unlikely,Condition 2
2026-02-25 21:11:44,2026-02-25 21:16:05,IP Address,100,260,TRUE,2026-02-25 21:16:05,R_62i5oYIR4O2QMgK,anonymous,EN,0.8999999761581420,"Yes, I consent to participating",,,,,,,,,-5,,,,,,,,,,,,,,,,,3,,-21,,,,,,,,,,,-3,,,10,,,,,,,,,24,84,,,,,,,,,,,,,,,,11,,,,72,,,,,,,,,,,,,,,,,,,,,,,,,,,,,0,0,5.028,0,0,0,5.005,0,0.162,0.162,5.01,1,4.608,4.608,5.009,1,2.701,2.701,5.009,1,0,0,5.009,0,3.696,4.563,5.009,3,0,0,5.008,0,3.027,3.027,4.169,1,2.197,2.197,3.858,1,0,0,5.008,0,0.186,0.186,2.214,1,0.888,0.888,1.818,1,0,0,5.009,0,4.011,4.011,5.011,1,,,,,,,,,,,,,,,,,,-151,,,,,,,-237,,,,,,,,,,,111,,,,,,,,,,,,,,,,,,,,,,,,-2914,,,,,,7412,,,,,,,,"2,503",,,,,,,,,,,,,,,,,,,,,,,,,14,,0,0,5.109,0,0.655,1.339,1.352,2,2.521,2.521,3.136,1,0.506,0.989,0.901,2,1.806,1.806,2.587,1,5.081,5.081,5.107,1,0,0,1.801,0,0,0,5.006,0,0.281,0.281,1.059,1,0,0,0.4,0,3.502,4.169,5.011,2,0,0,5.108,0,0,0,5.008,0,0.739,0.739,3.185,1,0,0,5.01,0,71,,,,,,"4,093","3,003",,,,,,,,,,,,,,,,,,,,,766,,,,,,,,,,2897,,,,,,,,,,,,,,,,,,,,,,,,,,"-437,048",,,,,,,,,,,"-309,236",,,,,,,,,,,,,,,,,,,,,,,,,,3.598,3.598,5.008,1,0,0,5.11,0,0,0,5.009,0,0,0,5.109,0,0,0,5.005,0,0,0,5.109,0,0.925,0.925,2.221,1,0,0,5.008,0,1.567,1.567,2.246,1,0,0,5.01,0,1.172,2.105,3.35,2,0,0,5.009,0,3.188,3.188,5.01,1,0,0,5.009,0,0.994,0.994,1.4,1,231,Female,21,Black or African American,Extremely unlikely,Condition 1
2026-02-25 21:19:38,2026-02-25 21:23:19,IP Address,100,221,TRUE,2026-02-25 21:23:19,R_52V23vsfIuhDk81,anonymous,EN,0.800000011920929,"Yes, I consent to participating",,,,,,,,10,,,,-3,,,,,,,,,,,,,,,,-5,,,,,,,,,8,,,,,,,,4,,1,,9,,,84,,72,,,,,,,,,,,,,35,,,,,,,,,,,,9,1,,,,,,,,,8,,,,,,,,,,,,3.444,4.56,4.572,2,3.25,3.25,4.3,1,0,0,5.011,0,3.225,3.225,4.571,1,4.21,4.21,5.109,1,4.828,4.828,5.01,1,3.476,3.476,4.077,1,1.656,1.656,2.201,1,0,0,5.107,0,4.606,4.606,5.012,1,2.558,2.558,3.255,1,4.592,4.592,5.11,1,3.625,3.625,5.01,1,4.118,4.118,5.008,1,4.038,4.038,4.557,1,,,,,,,,,45,35,,,,54,,,,,,,-223,,,,,,,,,,,,,,,,,,-151,,,,,,,,,,,,,,,7260,,,,1656,-840,,,,,-3108,2690,,,,,,1202,,,,,,,,,,15,,,,,,,,,,,-14,16,,,,,,,,0,0,5.009,0,1.35,1.35,1.768,1,2.268,2.268,3.87,1,2.497,2.497,3.015,1,2.076,2.076,2.54,1,1.97,1.97,2.216,1,2.526,2.526,3.001,1,3.139,3.139,3.536,1,3.657,3.657,5.011,1,4.003,4.003,4.422,1,1.917,1.917,2.581,1,2.662,2.662,3.412,1,3.476,3.876,3.892,2,0.224,0.224,1.838,1,3.819,3.819,4.584,1,71,,,"1,603","3,215",,,,,,,,,,,,,,,,,,-4113,,,,,,,,,,,,,-1270,1750,,,,,,,,,,,2191,,,,,,,,,,,,"-68,660",,,,,,,"256,003",,,,,"920,055",,,,"-310,236",3,,,,6,,,,,,,7,,,,,-6,,,,,8,,,,1.836,1.836,2.25,1,0.441,0.441,0.892,1,0.592,0.592,0.936,1,0.67,0.67,1.133,1,0.723,0.723,0.967,1,0.871,0.871,1.238,1,1.155,1.155,1.432,1,0.962,0.962,1.459,1,0.776,0.776,1.19,1,0.978,0.978,1.295,1,1.145,1.145,1.574,1,0.923,0.923,1.368,1,1.211,1.211,1.657,1,1.143,1.143,1.641,1,4.379,4.379,4.743,1,768,Female,21,Black or African American,Somewhat likely,Condition 3
2026-02-25 21:22:17,2026-02-25 21:26:14,IP Address,100,236,TRUE,2026-02-25 21:26:14,R_5aLDqN4VsjIZq31,anonymous,EN,0.8999999761581420,"Yes, I consent to participating",12,,,,,7,,,,,,,,,,,,-6,,,-10,,23,,,3,,,,,-12,,,,,13,,,,,,,,,,,,5,,,,,,,,,,,-30,-56,,,,,,,,,,,,,,21,80,,,2,,,,,,,,,,,,-9,,,,,,,,,,,1.735,1.735,2.344,1,2.763,2.763,3.701,1,2.932,2.932,3.708,1,1.458,1.458,2.334,1,1.87,1.87,2.627,1,1.918,1.918,2.509,1,1.25,1.25,1.792,1,1.444,1.444,2.137,1,4.113,4.113,4.6,1,1.293,1.293,1.9,1,1.353,2.834,2.844,3,1.282,1.282,1.792,1,1.839,2.871,3.683,3,1.389,1.389,1.901,1,1.124,1.124,1.801,1,,,,,190,,,,,,,-49,,,56,,,,,,,,,-276,,,,-83,,,,,,,-109,,,,,,-100,,,,,75,,,,,,,,,,,,,,,,,-1424,,,,,,,,,,,,,,,,,,,12,,-12,,,,,,,,,,15,,,,,,,3.879,3.879,5.114,1,3.404,3.404,4.017,1,1.489,3.07,5.012,2,2.193,2.193,2.94,1,3.835,3.835,5.111,1,4.552,4.552,5.005,1,3.258,3.258,5.011,1,2.73,2.73,5.007,1,0,0,5.01,0,0,0,5.011,0,1.905,1.905,3.319,1,3.161,3.161,4.191,1,1.643,1.643,2.721,1,0.334,0.334,5.014,1,2.715,2.715,3.679,1,71,,"1,271",,,,,,,,,,,,,2333,,,,,,-4681,,,,,,,,,,,,,,,,,,,,,,,,,,,,,,,,,,,,,,,,,,,,,,,,,"457,104",,,,,,,,,,,,,5,,,,,-8,,,-6,,,,,7,,,,6,2.366,2.366,3.3,1,0,0,5.111,0,3.796,3.796,5.013,1,3.591,3.591,5.014,1,3.511,3.511,5.007,1,1.361,1.361,5.01,1,4.528,4.528,5.012,1,0,0,2.618,0,0,0,5.112,0,5.027,5.027,5.108,1,0,0,5.011,0,2.854,2.854,3.5,1,0.211,0.909,5.01,2,0,0,5.112,0,2.824,2.824,3.471,1,768,Male,24,Black or African American,Extremely unlikely,Condition 3
2026-02-25 21:30:13,2026-02-25 21:33:54,IP Address,100,220,TRUE,2026-02-25 21:33:54,R_5uV9mdHo3I6jauP,anonymous,EN,1,"Yes, I consent to participating",,5,,,,,,,,,,,,-6,,,,,19,8,,,,,,,,,,,,,,,,,,,19,,,,,,,,,,,,,,45,,,,44,63,,,,,,,,-48,,-42,-36,,,72,-44,,,,,,,,,,,,,,,,,,,,,,,,,,,8,2.009,3.742,3.751,2,3.258,3.807,3.818,2,2.133,2.499,2.508,2,1.404,1.788,1.798,2,2.728,2.728,2.8,1,1.505,2.189,2.199,2,2.839,3.188,3.197,2,3.828,4.494,4.401,2,2.584,3.05,3.06,2,3.97,4.27,4.278,2,3.453,3.604,3.612,2,0,0,5.11,0,3.081,3.364,3.373,2,2.192,2.492,2.401,2,1.254,1.538,1.548,2,,,,,,,,,,,,,,,56,,,,,,,,,-276,,,,,,,,,,,,,,248,-141,,,,,,,,158,,72,,,2746,,,,,4018,,-820,,,,,,,,,,,,,,,,,7,,12,12,,,,,,,,,,,,,,,,,,-8,,,,3.762,4.029,4.037,2,2.767,3.2,3.211,2,2.934,2.934,3.095,1,4.246,4.246,5.107,1,3.248,3.432,3.441,2,3.165,3.349,3.357,2,3.321,3.638,3.648,2,3.417,3.683,3.692,2,0,0,5.009,0,2.889,3.138,3.147,2,3.966,4.182,4.192,2,4.358,4.791,4.7,2,4.06,4.06,4.201,1,3.289,3.572,3.579,2,0,0,5.008,0,71,"1,033",,,,,,,2433,,,,,,,,,,,,,,,,,,,,,,,,,,,,,-1567,2897,,,-1727,333,,-867,1757,,,-1775,,,,,,,,,,,,"-342,576",,"457,104",,,,,,,"373,320",,,"437,048",,,,,,,,,,,,,,,,,,,,,8,,,,8,,,,2.019,3.818,3.829,3,4.165,4.632,4.643,2,3.586,4.019,4.031,2,4.347,4.697,5.108,2,3.333,3.751,3.761,2,0.043,0.575,0.584,2,4.927,4.927,5.006,1,3.281,4.064,4.074,2,1.722,2.089,2.1,2,1.223,1.223,1.6,1,2.111,2.86,2.87,2,2.124,3.39,3.4,2,2.855,3.304,3.314,2,4.856,4.856,5.106,1,2.604,3.271,3.279,2,768,Female,21,Black or African American,Somewhat likely,Condition 1
2026-02-25 22:19:09,2026-02-25 22:20:54,IP Address,100,104,TRUE,2026-02-25 22:20:54,R_7uCKoSxTP9eCg6d,anonymous,EN,0.8999999761581420,"Yes, I consent to participating",,5,,,,,,,,,,,,,,,,,,,,3,,2,,,,,,,,,,,,,8,,,,,-2,,,,,,,5,7,,,,,,,,,-11,,-52,,,-77,,,,,,,,72,,,,,,,,,,,,,,,,,,,5,,,,,,,,,,2.383,4.164,4.795,2,2.292,2.292,2.885,1,3.493,4.093,4.001,2,4.774,4.774,5.01,1,1.612,1.612,2.123,1,1.457,1.457,2.272,1,2.172,2.604,2.62,2,4.821,4.821,5.11,1,0.121,2.321,2.901,2,0,0,1.29,0,0,0,0.726,0,0,0,0.788,0,0.562,0.562,1.141,1,0.39,0.89,0.801,2,0.327,0.327,0.74,1,,135,,,,,,,,25,,-49,,,,,,,,,,-200,,,,,,,,,109,,,,,,,248,,,,,,,,,,,,,,,,7260,,,,,,-2914,,,,,,,,2418,,,,,"7,310",,"6,336",,3,,,,,,7,,,,,,,,,,,15,,,,,,,0.353,0.353,0.817,1,0.096,0.096,0.594,1,0,0,0.479,0,0.708,0.708,1.125,1,0.445,0.445,1.138,1,0.331,0.331,0.829,1,0.357,0.357,0.867,1,1.373,1.373,1.785,1,0.39,0.39,0.701,1,0.498,0.882,1.73,2,0.409,0.844,0.857,2,0.409,0.409,0.701,1,0.147,0.147,0.994,1,0.388,0.388,0.814,1,0.408,0.408,0.885,1,74,,,,,,,,,535,,,,,,,,,,,,,,,,,,,,,,,,,,,,,,,,,,,,,,,,,,,,,,920055,,,,,,,,,,,,,,,,,,"188,256",,,,,,,,,,,,,,,,,,,,,,,,,,,,0,0,0.552,0,0,0,0.37,0,0,0,0.374,0,0,0,0.386,0,0,0,0.477,0,0,0,0.75,0,0.646,1.079,1.578,2,0,0,0.616,0,0,0,0.301,0,0,0,0.118,0,0.408,0.408,0.857,1,0.044,0.044,0.56,1,0,0,0.171,0,0,0,0.519,0,0.097,0.097,0.61,1,768,Female,21,Black or African American,Extremely unlikely,Condition 2
2026-02-25 22:44:53,2026-02-25 22:48:49,IP Address,100,235,TRUE,2026-02-25 22:48:50,R_51g9OWtrWKepgjy,anonymous,EN,1,"Yes, I consent to participating",12,,,,,,,,,,24,-3,-8,,,,,,19,8,,,,,,,,,,,,,,,,,,,,,,,,,,,,,,,,,,,,,,,,,,-30,-27,,,-48,,,,,,,44,,,,,2,9,,,,9,,,,,,,,,,,,,,,7,,,2.441,2.441,3.355,1,1.467,1.467,2.093,1,2.048,2.048,2.592,1,1.025,1.025,1.52,1,2.705,2.705,3.282,1,2.685,2.685,3.331,1,1.405,1.405,1.983,1,1.497,1.497,2.074,1,3.221,3.221,3.749,1,2.049,2.049,2.611,1,0,0,5.016,0,0.156,2.328,3.144,2,2.993,2.993,3.553,1,2.633,2.633,3.231,1,4.373,4.844,5.013,2,,,,,,,,,,,,,181,,,,-105,,,,,,,,,,,,,,,-75,,,-89,,-209,,,,,,,,,,,,,,,,,,2393,,,,,,,,-1444,,,,,,,,,,,,,7,,,,,,,,,,,,,,,-15,,,,,,,,,,0,0,5.113,0,4.129,4.595,5.112,2,0,0,5.01,0,2.444,2.444,3.141,1,3.821,3.821,4.484,1,0,0,5.014,0,0,0,5.011,0,4.281,4.281,4.775,1,3.696,3.696,5.014,1,4.103,4.103,4.394,1,0,0,5.117,0,0,0,5.013,0,5.012,5.012,5.11,1,2.852,3.748,3.757,2,2.508,2.508,3.258,1,71,,,,"3,225",,"4,093",,,,,,,,,,,,,,,,,,,,,,766,,,,,,,,,,,,,,,,,,,,,,,,,,"457,104",,,"189,256",,,,,,,,,,,,,,,,,"256,003",,,,2,,,,,,,,5,,,,,,6,,9,,,,,,,3.182,3.182,3.844,1,0,0,5.009,0,3.673,3.673,4.156,1,2.903,2.903,3.466,1,0,0,2.299,0,3.014,3.014,3.444,1,0,0,1.649,0,0.1,3.005,3.471,2,0,0,5.015,0,4.904,4.904,5.01,1,2.611,3.093,3.001,2,3.992,4.342,4.877,2,0,0,5.012,0,3.426,3.426,4.018,1,4.456,4.456,5.016,1,768,Male,21,Black or African American,Extremely unlikely,Condition 2
2026-02-26 03:03:25,2026-02-26 03:07:49,IP Address,100,263,TRUE,2026-02-26 03:07:50,R_3pyUGm118dA4IZg,anonymous,EN,0.8999999761581420,"Yes, I consent to participating",,,,,17,,,,,,,,-8,,,,,-6,,,,3,,,,,,,-7,,,,,,,,,,,,,,,,,,,,-5,,,,,72,,,,,,-56,,,,,,,,42,,,,,,,80,,,,,1,,,,,,,,,,,,,,,,,7,,,,3.964,3.964,5.008,1,0,0,5.009,0,3.948,3.948,4.597,1,3.576,3.576,4.121,1,3.628,3.628,4.356,1,3.262,3.262,3.759,1,2.064,2.064,5.115,1,2.003,2.003,2.4,1,3.944,4.364,4.382,2,0,0,5.011,0,0.486,1.432,4.568,2,2.188,2.87,2.888,2,2.672,4.11,4.126,2,3.977,3.977,4.696,1,0,0,5.015,0,,,,,,,,,,,,,,,-46,,,,,,-213,,,,,,,,,,,,102,,,,,,,,,,,,,,,,,,,,,,2393,,,,,,,,,-3108,,,,2418,,,,,,,,,,,14,,,,,,,,,,,,,14,,,,,8,,,,0.484,0.484,5.013,1,3.456,3.456,5.113,1,3.516,3.516,5.114,1,3.312,3.312,5.012,1,0,0,5.009,0,2.808,2.808,5.008,1,0.326,2.893,5.014,2,0,0,5.009,0,0,0,5.009,0,0.267,4.603,5.11,3,3.83,4.88,5.008,2,0,0,5.113,0,4.712,4.712,5.007,1,0,0,5.014,0,0.146,4.315,5.014,2,71,,,"1,613",,,,,,,,,,,,,,,,-1623,,,,-3003,,,,,,,2343,,,3555,,,,,,,,,,,,,,,,,,,"342,576",,,,,,,,,,,,,,,,,,,,,,,,,,,,7,6,,,,,,,,,,,,,,6,,,,7,,0,0,5.012,0,0.451,3.615,3.629,2,0,0,5.012,0,0,0,5.012,0,3.542,3.542,4.291,1,2.696,2.696,4.922,1,3.714,3.714,4.546,1,0,0,5.114,0,2.246,2.246,5.113,1,4.297,4.297,5.013,1,4.04,4.04,5.016,1,3.277,3.277,5.012,1,2.605,2.605,5.014,1,0,0,5.004,0,4.63,4.63,5.014,1,768,Male,20,Black or African American,Extremely unlikely,Condition 1
2026-02-26 06:08:07,2026-02-26 06:12:13,IP Address,100,245,TRUE,2026-02-26 06:12:14,R_1qQmixrRbBkuyw4,anonymous,EN,1,"Yes, I consent to participating",12,,,,,,,10,,,,,,,,,,,,,,,,,,,,,,,,-3,,12,,,,,,9,,,,,,,,,,,,,,,,,,,,,,,-27,,,,35,,,,,,,,,6,,,,,,,9,-7,,-3,-8,,,,,,,,,,,,,,3.583,3.583,4.344,1,2.5,2.5,2.978,1,0,0,5.123,0,3.01,3.01,3.61,1,3.017,3.017,3.544,1,0,0,5.021,0,3.835,3.835,4.763,1,3.345,3.345,4.074,1,2.482,2.482,5.012,1,3.531,3.531,4.809,1,4.358,4.358,4.968,1,2.303,2.303,3.196,1,0,0,5.026,0,0.911,0.911,4.306,1,3.745,4.279,5.029,2,,,,363,,,,,,,,,,,,,,,,,,,-262,,,,,,,,,,,,,,,,,,,-19,,,,,,,,,,,,7560,,,4018,,,,,,,,,,,,,,,,,,,6,,,,,13,,6,,,,,,,,,,,,,,,11,,,4.678,4.678,5.014,1,0.103,4.821,5.028,5,0,0,5.022,0,0,0,5.024,0,3.568,4.168,4.911,2,0.316,1.783,2.378,3,4.625,4.625,5.016,1,4.252,5.001,5.011,2,0,0,5.028,0,3.857,3.857,5.029,1,2.09,2.84,4.517,2,1.946,1.946,3.302,1,0,0,5.016,0,0,0,5.013,0,0,0,5.123,0,71,,,,,,,"3,013",,,,,-283,,,,801,-1023,-1281,,-3205,,,,,,,,,,,,,,,,,,,,,,,,,,,,,,,,,,,,,,,,,,,"920,055",,,"256,003","68,660",,,,,,,,,,,,,,,3,,,,,-6,,-6,-7,,,,,,,,,,,3.501,3.501,5.021,1,1.809,1.809,5.028,1,4.431,4.431,5.126,1,0.05,0.05,5.028,1,4.534,4.534,5.028,1,3.044,4.36,5.026,2,0,0,5.023,0,4.542,4.542,5.011,1,0.987,2.721,4.465,2,1.767,1.767,2.294,1,0.883,0.883,1.476,1,0.644,1.913,1.922,3,0.235,0.235,0.995,1,0,0,0.639,0,3.62,3.62,5.022,1,768,Female,21,Black or African American,Somewhat unlikely,Condition 3
2026-02-26 09:28:15,2026-02-26 09:33:43,IP Address,100,328,TRUE,2026-02-26 09:33:44,R_2isgECM8CFzK0wG,anonymous,EN,0.30000001192092900,"Yes, I consent to participating",,,,,,,,,-7,,,,,,,-6,,-6,,,,,,,,,,,,,,,,,,,,,,,,-10,,,,,,,,,,,,,,,,,-30,,,-30,,,,-48,,,,90,,,,21,,,,2,,,,,,,,,,,,,,,,,,,7,,5,,0,0,5.011,0,3.073,3.073,5.011,1,2.081,2.081,5.011,1,0,0,5.11,0,0,0,5.107,0,0.302,2.201,3.321,3,3.271,4.038,4.052,2,4.476,4.476,5.105,1,2.988,2.988,3.535,1,4.473,4.473,5.009,1,3.476,3.476,5.013,1,4.819,4.819,5.008,1,4.687,4.687,5.11,1,1.833,1.833,3.031,1,2.453,2.453,5.011,1,,115,,,,,,,,,,,,,,,,,,,,,,,,,,,,-164,,,,,,,,,,,,,,,,,,,,,,,,,,,,,,,,,,,,,,,,,,,,,,,,12,,,,12,,,,,,,-18,,-15,,,,,,,,-12,,4.855,4.855,5.107,1,4.756,4.756,5.007,1,0,0,5.01,0,0,0,5.011,0,4.424,4.424,5.01,1,2.884,2.884,5.111,1,0,0,5.011,0,3.508,3.508,5.112,1,0,0,5.109,0,3.721,3.721,4.968,1,0,0,5.01,0,0,0,5.011,0,0,0,5.009,0,0,0,5.01,0,4.594,4.594,5.01,1,71,,,,,,,,,-535,,,,,-328,-2333,,,,,,,,,,,,,,,2343,,,,,,1750,,,,,,,-363,,,-3545,,,,,,"343,576",,,,,,,,,,,,"-437,048",,,,,,,,"438,048",,,,,,,,,,,,,,,-6,,-6,,,,,8,,,,,,,3.7,3.7,5.01,1,3.403,3.403,5.011,1,3.84,3.84,5.011,1,0,0,5.01,0,3.181,3.181,3.728,1,2.115,2.115,2.842,1,3.222,3.222,4.101,1,0,0,0.26,0,4.182,4.182,5.01,1,4.194,4.194,4.774,1,4.674,4.674,5.01,1,1.991,1.991,3.056,1,2.057,2.057,3.287,1,4.319,4.319,5.012,1,4.274,4.274,5.012,1,768,Female,21,Black or African American,Extremely unlikely,Condition 2
2026-02-26 12:09:34,2026-02-26 12:13:04,IP Address,100,210,TRUE,2026-02-26 12:13:05,R_6Eapzv7IzEpwRzh,anonymous,EN,0.20000000298023200,"Yes, I consent to participating",13,,,,,,,,,,,,,,,,,,,,,,,,,,,,,8,,,,,,,,,,,-13,,,,,,,,,,24,,,,,,,63,,,-52,,,,,,,,,,,,,,,,,,9,,,,,,,,,-7,,,-6,,,4,,6,,,,,0,0,5.108,0,2.94,2.94,3.416,1,0,0,5.008,0,0,0,5.109,0,0.088,2.738,3.015,2,3.662,4.112,4.622,2,2.563,2.563,3.34,1,4.519,4.519,4.879,1,2.207,2.207,5.107,1,0.221,3.319,4.42,2,0,0,5.009,0,4.545,4.545,4.838,1,1.842,1.842,2.268,1,3.786,3.786,5.008,1,4.457,4.457,4.717,1,,,,,210,,,400,,,,59,181,,,,,,,,,,,,,,,,,,,,,131,-109,,,,,,,,,48,-106,,,,,,,,,,,4352,,,,,,,,,2690,,,,,,,,,,,,,,,,,,,,,,,,,,,,,,14,,,,,,0,0,0.61,0,0.717,0.717,1.075,1,1.238,1.238,1.498,1,0.219,0.219,1.912,1,3.342,3.342,5.007,1,0,0,5.008,0,1.57,1.57,2.012,1,0,0,5.009,0,2.678,2.678,3.087,1,1.203,1.203,1.545,1,2.775,3.225,3.235,2,0,0,5.108,0,1.721,1.721,2.394,1,3.862,4.543,5.108,2,3.302,3.302,4.546,1,71,,,,,,,,,,,,,,,,791,,,,,,,,,-917,,,,,,,,,,,,,,,4007,,,,,,,,-1775,-1449,,,,,,,,,,,,"-373,320",,"-919,055",,,"-256,003",,,,"455,104",,,"188,256",,,,4,,7,,,,,-6,,-5,,,,,,,,,,,,,-8,,0.866,0.866,1.426,1,1.001,1.001,5.006,1,1.125,1.125,1.551,1,4.993,4.993,5.108,1,2.088,2.088,3.065,1,0.745,1.244,1.254,2,3.139,3.139,3.634,1,2.053,2.053,3.03,1,1.912,1.912,2.655,1,2.301,3.951,4.645,2,3.46,3.46,4.038,1,2.872,4.172,5.008,2,2.373,2.373,3.384,1,0.921,3.505,3.514,2,0.585,1.268,1.679,2,768,Female,21,White,Extremely unlikely,Condition 3
2026-02-26 12:39:02,2026-02-26 12:42:49,IP Address,100,227,TRUE,2026-02-26 12:42:50,R_7neChD7Cj5T60St,anonymous,EN,1,"Yes, I consent to participating",,,,,,,,,,-15,,,,-6,,,-9,,,,,,,,,,,,,,-12,,,,,,,,19,9,,,,,-14,,,,,,,,,,,,,,,,,,,,,,-35,,,,,,44,,,,,,,,,,,,8,,,,-8,,,,,,,,,7,,,0,0,5.13,0,0,0,5.128,0,2.307,2.307,2.882,1,1.928,1.928,2.387,1,2.581,2.581,2.991,1,3.008,3.008,3.9,1,0,0,5.022,0,2.937,2.937,3.399,1,1.911,1.911,2.287,1,4.301,4.301,4.503,1,2.242,2.791,2.8,2,2.085,3.103,3.563,2,2.05,2.05,4.857,1,2.363,2.363,3.889,1,2.476,2.476,2.807,1,,,,,,,,,-45,,,,-181,,,,,-141,,,,,,,,,,83,,,,,,,,,-189,,,,,,,,,,,,,,854,,,,,,4058,,,,,,,,,,,,,,-1102,,,,,,,,,,,,,-12,,,,,,,,,,,-12,,,,,,0,0,5.124,0,2.789,2.789,3.207,1,1.221,1.221,1.552,1,1.659,1.659,1.938,1,2.245,2.245,2.706,1,2.129,2.129,2.54,1,0.057,0.057,1.383,1,0,0,5.029,0,0.836,0.836,1.263,1,0,0,5.13,0,0,0,5.128,0,2.902,2.902,3.994,1,0,0,5.123,0,4.017,4.017,4.377,1,2.516,2.516,2.843,1,71,,,,,,,,,,,,,,,,,,,-1603,,,,,,,,,,,,,,3565,,,,,,,,,,,,,,,,,-2601,,,,"455,104",,"436,048","187,256",,,,,,,,,,,,,,"-918,055",,,,,,,,,,9,,6,,,,,,,,,,,,6,,,,,,2.429,2.429,2.804,1,0,0,5.023,0,0,0,5.012,0,0,0,5.124,0,0,0,5.011,0,3.696,3.696,5.124,1,4.903,4.903,5.119,1,4.367,4.367,4.994,1,0,0,5.021,0,2.234,2.234,5.017,1,2.226,2.625,2.636,2,1.082,1.082,1.809,1,2.936,2.936,3.33,1,1.309,1.675,1.686,2,0.779,0.779,1.206,1,768,Female,28,Asian,Somewhat likely,Condition 1
2026-02-26 17:42:00,2026-02-26 17:46:51,IP Address,100,290,TRUE,2026-02-26 17:46:51,R_5wr6d5H5VN40mdP,anonymous,EN,1,"Yes, I consent to participating",,,,,,,,,,-14,,,,,,,,,,,,,,,,,,-5,,,,,-14,,,,,,,,-13,,,,,,,,,,,,,,,,,,,-56,-52,,,,,,,,,,,,,,,4,,,,,,,9,,,,,,,-9,,,,,,,,,,,0,0,5.01,0,4.367,4.367,5.01,1,2.562,2.562,5.009,1,1.983,1.983,5.01,1,3.735,3.735,5.11,1,2.942,2.942,5.009,1,4.263,4.263,5.11,1,2.534,2.534,5.009,1,0,0,5.009,0,0,0,5.108,0,2.799,2.799,5.009,1,0,0,5.01,0,0.229,3.06,5.009,2,0,0,5.01,0,0,0,5.01,0,,,,353,,,,,,,,59,,,-46,,,,-190,,,,,,,,,,,,79,,,,,,,,,,,,,,-106,,,,,,,,,,,,,,,,,-3140,,,,-7512,,,,,,,,,,,,,,,,,6,,,,14,,18,,,,,15,,,,-11,,,0.144,1.644,5.01,2,3.828,4.743,5.008,2,3.758,3.758,5.009,1,4.954,4.954,5.006,1,4.668,4.668,5.009,1,0.124,0.124,5.109,1,4.613,4.613,5.109,1,4.146,4.146,5.111,1,0,0,5.11,0,0.356,0.356,5.107,1,0,0,5.109,0,4.596,4.596,5.009,1,0.19,0.19,5.008,1,4.844,4.844,5.007,1,4.833,4.833,5.008,1,71,"1,023","1,261","1,603",,,,,,,,,,,,,,,-1271,,,,,,,,,,766,,,,,,,,,,,-2250,,,,,,,,,,,,,,,,,,,,,,,,,,"-189,256",,,,,,,,,,,3,,,,8,,3,,,,,,-8,,,,,,,,,,,,6,3.28,3.28,5.009,1,4.519,4.519,5.009,1,0,0,5.009,0,0.287,4.448,5.009,3,3.123,3.123,5.008,1,0,0,5.008,0,4.197,4.197,5.01,1,4.554,4.554,5.109,1,4.795,4.795,5.007,1,4.085,4.085,5.009,1,4.185,4.185,5.11,1,0.632,0.632,5.109,1,0,0,5.01,0,4.636,4.636,5.112,1,4.958,4.958,5.008,1,768,Male,25,Black or African American,Extremely unlikely,Condition 1
2026-02-26 18:44:17,2026-02-26 18:48:42,IP Address,100,265,TRUE,2026-02-26 18:48:43,R_76gJW7B8ht31MKZ,anonymous,EN,1,"Yes, I consent to participating",,,,,,,,,-7,,24,,,,,,,,,,,,,,,,,,,,-12,,,,,,20,,,,,,,,,,,,,,,,,,70,48,,,,,,,,,,,,,,,26,,44,,,,,,,,9,2,,-7,,-3,,,,,,,,,,,6,7,,,2.251,3.734,3.748,3,3.34,3.34,5.111,1,0,0,5.11,0,2.327,2.878,2.891,2,1.46,1.977,1.989,2,1.318,1.818,1.83,2,1.301,1.918,1.932,2,3.767,4.132,5.011,2,2.749,3.4,3.411,2,1.967,2.584,2.601,2,1.338,1.889,1.8,2,2.803,3.304,3.32,2,1.664,2.364,2.374,2,1.452,2.119,2.133,2,2.361,2.841,2.85,2,,125,,,,,,,,,,,,54,,,,,,,-233,,,,,,,-83,64,,,,,,-99,,,,,,,,,,,,,,,,,,2646,,,4312,,1656,,,,,,,,,,2438,,,,,,,,,,,,8,,,,,,,,,,,,,16,,,-14,,,12,,4.066,4.5,4.514,2,2.844,4.428,4.433,3,2.909,4.343,4.356,2,4.977,4.977,5.11,1,3.55,4.034,4.048,2,3.52,4.287,4.201,2,4.191,4.641,4.65,2,4.602,4.919,5.011,2,4.478,4.897,4.911,2,3.434,4.034,4.048,2,0.093,3.63,3.645,3,0,0,5.012,0,1.972,2.506,2.523,2,3.965,4.416,4.433,2,4.634,4.634,5.11,1,71,,,,,,,,,,,,-283,,,,,-1033,,,-3205,-4681,,,,,,224,,,,,,,,,,,,,,,,,-877,1757,,,,,,,,,,919055,,,"256,003","-69,660",,,"-457,104",,,,,,,,,,,,,,,,,,,,,,,,,,,,,-6,,-8,,,,,,,,2.775,3.526,3.541,2,3.182,3.565,3.575,2,2.811,3.345,3.361,2,4.337,4.821,4.838,2,2.519,2.936,2.949,2,3.425,4.11,4.124,2,2.264,3.365,3.377,2,4.357,4.357,5.01,1,0.167,0.167,0.176,1,0,0,5.01,0,3.572,4.056,4.07,2,2.447,2.947,2.963,2,4.54,4.54,5.006,1,4.942,4.942,5.108,1,3.053,4.504,4.518,3,768,Female,20,Black or African American,Extremely unlikely,Condition 3
2026-02-20 08:34:08,2026-02-20 08:36:37,IP Address,46,149,FALSE,2026-02-27 08:36:45,R_573Qnnm4NCATFwX,anonymous,EN,1,"Yes, I consent to participating",,,,,,,,,,,,,,,11,,,,,,-10,,,,,,,,-7,,,,-14,,12,,20,,,9,,,,,,,,,,,,,,,,,,,,,,,,,,,,,,-21,,,,,,,7,,9,,9,,,,,,,,,,,,,,,6,,7,,,0,0,5.11,0,0,0,5.01,0,0.253,2.873,5.01,3,4.609,4.609,5.012,1,3.734,3.734,5.011,1,2.657,2.657,5.114,1,2.114,2.114,5.11,1,3.02,3.02,5.011,1,3.57,3.57,5.111,1,3.839,3.839,5.012,1,2.487,2.487,5.111,1,3.334,3.334,5.013,1,3.168,3.168,5.011,1,2.706,2.706,5.112,1,2.628,2.628,5.012,1,,,200,,,,,,,,,,,,,,,,,,,,,,,,,,,,,,,,,,,,,,,,,48,,,,,,,,,,,,4352,,,,,,,,,,,,,,,,,,,"6,336",,,,,,,,,,,,,,,,,,,,,,-9,,,,4.417,4.417,5.013,1,,,,,,,,,,,,,,,,,,,,,,,,,,,,,,,,,,,,,0.213,1.865,5.012,2,4.616,4.616,5.112,1,3.195,3.195,5.012,1,0.165,0.165,5.011,1,5.095,5.095,5.107,1,,,,,,,,,,,,,,,,,,,,,,,,,,,,,,,,,,,,,,,,,,,,,,,,,,,,,,,,,,,,,,,,,,,,,,,,,,,,,,,,,,,,,,,,,,,,,,,,,,,,,,,,,,,,,,,,,,,,,,,,,,,,,,,,,,,,,,,,,,,,,,,,,,,,,,,,,,,,,,,,,,,,,,,
2026-02-20 10:11:52,2026-02-20 10:14:57,IP Address,82,184,FALSE,2026-02-27 10:15:05,R_5U5bgrZ6tCoGRvJ,anonymous,EN,1,"Yes, I consent to participating",,,-9,,,,,,,,24,-3,,,,,,,,,,,,2,,,,,,,,,,,,,,,,,,,-11,,,,,,,7,,,,,,48,,,,,,,,,,,35,,,,,,,,80,,,,,1,,,9,,,,,,,,,,,,,,,,5,,3.981,3.981,5.113,1,1.31,1.31,1.823,1,1.849,1.849,2.311,1,1.619,1.619,2.013,1,2.742,2.742,3.182,1,1.848,1.848,2.24,1,2.437,2.437,2.731,1,1.664,1.664,2.051,1,1.491,1.491,2.02,1,1.654,1.654,2.012,1,0,0,5.11,0,0.193,4.021,5.012,3,0,0,5.009,0,0.004,3.568,4.1,4,3.106,3.106,3.559,1,,,,,,,,,55,,,,,,-56,,,,,,,,,,,,37,,,,,,92,,,,,,,,,19,,,,,,,,121,,,,,,,,,,,-1384,,,,,-7512,,,,,,,,,,,,,,,,,6,,-16,-15,,,,,,,,,,,,11,,,0,0,5.011,0,3.794,4.912,5.108,2,2.43,3.664,4.161,2,2.145,2.145,2.922,1,2.421,2.421,2.941,1,2.683,2.683,3.336,1,2.062,2.062,2.542,1,1.509,3.519,3.971,6,4.659,4.659,5.008,1,3.339,3.339,3.884,1,3.686,4.396,5.007,2,2.321,2.839,3.201,2,0.461,1.998,2.979,2,0,0,0.25,0,0,0,5.005,0,71,,,,"3,215",,,,,,,776,,,,,,,,,,,,-3013,,,,,,,,,,,,,1760,,,,,,,,,,,,-1775,,-2601,,,,,,,,,,,,,,,,,,,,,,,,,,,,,,,,,,,,,,,,,,,,,,,,,,,3.76,4.794,5.006,2,,,,,,,,,,,,,,,,,,,,,,,,,,,,,0,0,5.004,0,3.577,3.577,3.921,1,3.312,3.312,3.775,1,2.21,2.21,3.424,1,2.909,2.909,3.061,1,1.056,1.056,1.676,1,0,0,0.03,0,,,,,,
2026-02-22 21:05:45,2026-02-22 21:06:06,IP Address,5,21,FALSE,2026-03-01 21:06:10,R_3MSikJ5GNnD5flg,anonymous,EN,1,"Yes, I consent to participating",,,,,,,,,,,,,,,,,,,,,,,,,,,,,,,,,,,,,,,,,,,,,,,,,,,,,,,,,,,,,,,,,,,,,,,,,,,,,,,,,,,,,,,,,,,,,,,,,,,,,0,0,5.108,0,0,0,5.005,0,,,,,,,,,,,,,,,,,,,,,,,,,,,,,,,,,,,,,,,,,,,,,,,,,,,,,,,,,,,,,,,,,,,,,,,,,,,,,,,,,,,,,,,,,,,,,,,,,,,,,,,,,,,,,,,,,,,,,,,,,,,,,,,,,,,,,,,,,,,,,,,,,,,,,,,,,,,,,,,,,,,,,,,,,,,,,,,,,,,,,,,,,,,,,,,,,,,,,,,,,,,,,,,,,,,,,,,,,,,,,,,,,,,,,,,,,,,,,,,,,,,,,,,,,,,,,,,,,,,,,,,,,,,,,,,,,,,,,,,,,,,,,,,,,,,,,,,,,,,,,,,,,,,,,,,,,,,,,,,,,,,,,,,,,,,,,,,,,,,,,,,,,,,,,,,,,,,,,,,,,,,,,,,,,,,,,,,,,,,
2026-02-23 21:13:13,2026-02-23 21:13:59,IP Address,7,45,FALSE,2026-03-02 21:14:00,R_6n9DalOQmcKBayw,anonymous,EN,1,"Yes, I consent to participating",,,,,,,,,,,,,,,,,,,,,,,,,,,,,,,,,,,,,,,,,,,,,,,,,,,24,,,,,,,,,,,,,,,,,,,,,,,,,,,,,,,,,,,,,,,,,,,,,,,,,,2.26,2.26,5.009,1,0,0,0.235,0,0,0,8.285,0,,,,,,,,,,,,,,,,,,,,,,,,,,,,,,,,,,,,,,,,,,,,,,,,,,,,,,,,,,,,,,,,,,,,,,,,,,,,,,,,,,,,,,,,,,,,,,,,,,,,,,,,,,,,,,,,,,,,,,,,,,,,,,,,,,,,,,,,,,,,,,,,,,,,,,,,,,,,,,,,,,,,,,,,,,,,,,,,,,,,,,,,,,,,,,,,,,,,,,,,,,,,,,,,,,,,,,,,,,,,,,,,,,,,,,,,,,,,,,,,,,,,,,,,,,,,,,,,,,,,,,,,,,,,,,,,,,,,,,,,,,,,,,,,,,,,,,,,,,,,,,,,,,,,,,,,,,,,,,,,,,,,,,,,,,,,,,,,,,,,,,,,,,,,,,,,,,,,,,,,,,,,,,,,,,,,,,,
2026-02-24 14:45:07,2026-02-24 14:46:01,IP Address,16,54,FALSE,2026-03-03 14:46:03,R_65QsIBaqqSGOgTb,anonymous,EN,0.800000011920929,"Yes, I consent to participating",,,,,,,,,,,,,,,,,,,,,,,,,,,,,,,,,,,,,,,,,,,,,,,,,,,,,,,,,,,,,,,,,,,,,,,,,,,,,,,,,,,,,,,,,,,,,,,,,,,,,0,0,5.013,0,0,0,5.01,0,0,0,5.011,0,0,0,5.11,0,0,0,5.01,0,0,0,5.01,0,0,0,5.022,0,,,,,,,,,,,,,,,,,,,,,,,,,,,,,,,,,,,,,,,,,,,,,,,,,,,,,,,,,,,,,,,,,,,,,,,,,,,,,,,,,,,,,,,,,,,,,,,,,,,,,,,,,,,,,,,,,,,,,,,,,,,,,,,,,,,,,,,,,,,,,,,,,,,,,,,,,,,,,,,,,,,,,,,,,,,,,,,,,,,,,,,,,,,,,,,,,,,,,,,,,,,,,,,,,,,,,,,,,,,,,,,,,,,,,,,,,,,,,,,,,,,,,,,,,,,,,,,,,,,,,,,,,,,,,,,,,,,,,,,,,,,,,,,,,,,,,,,,,,,,,,,,,,,,,,,,,,,,,,,,,,,,,,,,,,,,,,,,,,,,,,,,,,,,,,,,,,,,,,,
2026-02-24 15:01:09,2026-02-24 15:47:35,IP Address,29,2785,FALSE,2026-03-03 15:47:41,R_7xDU3tp5fgLniMK,anonymous,EN,1,"Yes, I consent to participating",12,,,,,,,,,,,,,,,,,,,,,,,,,,3,,-7,,,,,,,,,,,,,,,,,,,,-5,,,,,,,,,,,,,-30,-27,,,,,,,,,,,,,,,,,,,,,,,,,-6,,,,,,,,,7,,5,,0,0,5.011,0,3.976,3.976,5.009,1,2.471,2.471,5.01,1,4.361,4.361,5.009,1,2.24,2.24,5.009,1,2.838,2.838,5.012,1,3.97,3.97,5.01,1,2.553,2.553,5.009,1,3.53,3.53,5.109,1,3.105,3.588,5.01,2,2.319,2.319,5.009,1,0,0,5.177,0,0,0,5.019,0,,,,,,,,,,,,,,,,,,,,,,,,,,,,,,,,,,,,,,,,,,,,,,,,,,,,,,,,,,,,,,,,,,,,,,,,,,,,,,,,,,,,,,,,,,,,,,,,,,,,,,,,,,,,,,,,,,,,,,,,,,,,,,,,,,,,,,,,,,,,,,,,,,,,,,,,,,,,,,,,,,,,,,,,,,,,,,,,,,,,,,,,,,,,,,,,,,,,,,,,,,,,,,,,,,,,,,,,,,,,,,,,,,,,,,,,,,,,,,,,,,,,,,,,,,,,,,,,,,,,,,,,,,,,,,,,,,,,,,,,,,,,,,,,,,,,,,,,,,,,,,,,,,,,,,,,,,,,,,,,,,,,,,,,,,,,,,,